ханс цимер автор музиката филма софия своята група симфоничен оркестър хор грандиозният концерт зала арена армеец софия филмовите хитове гладиатор черният рицар цар лъв шифърът леонардо армагедон отдавна част поп културата отличени множество престижни награди общото авторът музиката ханс цимер удостоен оскар награди златен глобус награди грами печелил американската музикална награда награда тони цимер цели номинации оскар последната музиката фантастичния епос интерстелар американската музикална асоциация връчва престижната награда henry mancini цялостно творчество впечатляващата кариера огромния принос кино индустрията цимер получава своя звезда холивудската алея славата удостоен награда цялостен принос филмовия фестивал цюрих ханс цимер работи големите режисьори холивуд ридли скот гладиатор телма луиз ханибал тони скот грохот истински романс кристофър нолън трилогията черният рицар генезис гор вербински поредицата карибски пирати самотният рейнджър рон хауърд шифърът леонардо ангели демони джон ву код счупена стрела невъзможна мисия майкъл бей скалата негова музиката хитове рейнман тънка червена линия последният самурай крал артур мъж стомана невероятният спайдър части шерлок холмс очакваните хитове музиката дело цимер кунг фу панда батман супермен зората справедливостта ад екранизация едноименния бестселър дан браун цимер получава възторжени отзиви концертите великобритания амбицира поеме турне премине софия искал представя музиката голяма аудитор,-1.0
музикантът художник пабло будаси събрал цялата вселена кадър комбинирал логаритмичните карти вселената създадени университета принстън множество снимки nasa центъра диска нашата слънчева система следват нашата галактика млечен път нейният ръкав персей галактики рода андромеда външните кръгове представени космическата микровълнова фонова радиация останала големия взрив плазмата резултат линк уикипедия можете изтеглите картата резолюция х файлът размер мв,-1.0
кандидатите републиканската партия президент доналд тръмп заяви сащ обмисли спирането интернет обуздае радикалния екстремизъм милиардерът твърди администрацията глупави вярва президент звънне гейтс спре интернет изказването направено реч южна каролина тръмп призова спрени джихадистите вербуват американци локални терористични акции идеята спиране интернет тъпа останахме безмълвни коментират редакторите технологичните сайтове отвъд океана точните думи тръмп можете чуете приложеното видео we re losing a lot of people because of the internet trump said we have to see bill gates and a lot of different people that really understand what s happening we have to talk to them about maybe in certain areas closing that internet up in some ways somebody will say oh freedom of speech freedom of speech these are foolish people donaldtrump advocates closing up the internet stop the process of thought free speech so communist china like pic twitter com hrabxpvck notbuffythevmpslayer notbuffy_vs december вчера доналд тръмп остана нападне туитър джеф безос основателя amazon тръмп нарече amazon компания печалба обвини безос купил част вашингтон пост намали данъците джеф безос акаунт туитър писал отговори следния начин доналд тръмп запазили място ракетата blue origin finally trashed by realdonaldtrump will still reserve him a seat on the blue origin rocket senddonaldtospace https t co oypfoxzk jeff bezos jeffbezos december,-1.0
компанията gopro известна своите компактни камери обяви името дългоочаквания дрон karma дрона gopro носят слухове тазгодишната code conference компанията официално обяви устройството появи пазара информация техническите характеристики karma публикуваното youtube видео можем придобием представа качеството картината компанията предлага потребителите регистрират gopro com karma получават последните новини продукта възможността спечелят дрона раздадени премиерата karma,-1.0
есен amazon prime излъчи първите епизоди новото предаване забавните мъже автомобилната журналистика джеръми кларксън ричард хамънд джеймс мей шоуто име amazon сподели интернет видео тримата обсъждат различни варианти automates auto mates приятели колеги twitter джеръми кларксън благодари дават идеи заглавие напомни съдържа думата gear опасност bbc предяви иск копиране името top gear същото bbc пусна трейлър ия сезон шоуто top gear започва водещи мат лебланк приятели крис евънс amazon prime онлайн платформата видео месечен абонамент amazon създадена конкуренция netflix договорът кларксън компания епизода рамките джеръми кларксън рекламира доставките дрон amazon видео новият прототип въздушния куриер средно хеликоптер самолет джеръми кларксън автомобилно шоу amazon primeбившите звезди bbc джеръми кларксън джеймс мей ричард хамънд избраха онлайн гиганта вместо itv netflix,-1.0
гуруто автомобилната журналистика джеръми кларксън участва реклама представя системата доставки amazon дронове prime air история далечното бъдеще започва джеръми кларксън рекламата показва минути дрон достави футболни обувки детето кучето унищожило старите новият прототип дрона доставки вида перки едни вертикално излитане кацане самото придвижване amazon нарича летателната машина отчасти хеликоптер отчасти самолет целта конструкция дронът ефективен дълги разстояния безопасно каца излита компанията разработва вида машини самият кларксън казва рекламата бъдеще цяла фамилия дронове подходящ различни дистанции условия случи amazon очаква разрешение регулаторните органи сащ използва въздушното пространство височина доставки кг разстояние км склада наблюдатели бранша целта рекламата предизвика обществен натиск регулаторните органи дадат своето одобрение,-1.0
цялото сезонно производство ябълки северна италия превозва европа българската фирма ем джи италия вторият голям производител ябълки европейския съюз годишна реколта млн тона превозва огромна част сезонно производство ябълки северна италия родната фирма транспортира продуктите големия европейски производител концентрати мляко мармалад хранителните изделия eдин лидерите бранша магазина европейски страни компанията започва дейност разгара кризата септември камиона старо петима служители камионите ремаркетата служителите трета поредна ем джи бележи ръст приходите транспортни услуги спрямо спрямо спрямо авторитетна бизнес класация поставя фирмата второ място бързо развиващите компании транспортния бранш ръстът идва логично новаторския българия модел работа ем джи единствената компания наема влекачи ремаркета транспортни фирми закупува камионите наемат пимк местния дилър scania агри връщат изтичане гаранцията вземат позволява спазване сроковете доставка превоза храни e важното планиране бърза реакция договори веднага осигуряват превозни средства допълнителна работа сключване договор дейност шофьорът тръгва път края фирмата планира открие работни места стартовата заплата шофьор ем джи лева третата достигне лева третия изплащат бонуси шофьор преминава фирмено обучение отделите работи получава облекло сезон диспечерите ръководят процеса денонощно стараем осигурим такава среда шофьорите максимално разтоварени отговорност различ,-1.0
годишно момче хелзинки име джани открило сериозен пропуск платформата споделяне снимки видео instagram собственост facebook малкият гений установил промяна кода изтрие текст публикуван мрежата изпратил мейл facebook доказателство изтрил коментар публикуван компанията тестов профил можех изтрия включително постовете джъстин бийбър казва късно финландски медии вундеркиндът forbes пропускът открит края февруари март технологичният гигант изплатил момчето долара знак благодарност куриозното момчето нужната възраст профил facebook изискването навършени част парите джани планира купи ново колело футболен компютри братята момчето младият участник програмата facebook възнаграждаване открил пропуски софтуера досегашният рекорд държеше ентусиаст facebook изплатила милиона долара души открили пропуски сигурността души получили общо долара facebook плати пропуск позволяващ отключването профилдосега компанията изплатила милиона долара души открили грешки сигурността,-1.0
миналия програмистът ананд пракаш открива сериозна пробойна сигурността facebook акаунтите потребител ресетва своя акаунт facebook изпраща телефона цифрен pin код играе ролята временна парола въведете грешен pin код facebook блокира достъпа профила ананд пракаш забелязва защита отсъства тестовия вариант мрежата beta facebook com позволява безброй опити pin кодове влезе профил пракаш изпраща facebook информация проблема следващия компанията потвърждава пропускът отстранен пробойната съществувала възникнала направени промени тестовата страница социалната мрежа седмица късно програмистът получава банковата сметка долара откриването проблема откриете някакъв проблем сигурността facebook можете докладвате страница facebook изплатила милиона долара души открили пропуски сигурността,-1.0
съобщението nikon навлиза сектора екшън камерите модел k uhd кадри градусово видео gopro отвърна предизвикателството consumer electronics show ces лас вегас изпълнителният директор компанията ник удман обяви съвсем gopro пусне пазара обикновена сферична камера миналата компанията представи системи градусово d видео виртуална реалност скъпи практика достъпни професионалистите gopro създаде съвместно youtube клипове качени facebook малкото платформи поддържат формат появата обикновена сферична камера лидера бранша ентусиастите представянето модела hero измина годината градусовите камери навлязат масово ежедневието появи пазара обявеният рано дрон gopro вероятност съвместим новата камера очакват вълнуващи клипове дронът gopro казва karma видео можете спечелите стоте дрона раздадени премиерата продукта,-1.0
създателят списание playboy става отпразнува юбилея късно снощи неговият брат починал дома бевърли хилс сайта tmz кейт хефнър болен рак кейт хефнър ръководна позиция издателството playboy малки роли киното включително последния филм боб фос star разказващ историята плеймейтката дороти стратън this morning my dear brother and best friend passed away i love you keith rest in peace pic twitter com xmhhuzm hugh hefner hughhefner april,-1.0
юли кливланд републиканската партия проведе своята национална среща близост залата quicken loans arena интересна провокация консервативния милиардер доналд тръмп кандидатът партията президент сащ спенсър туник прочул своите инсталации голи тела организира поредната акция сто голи жени държат кръгли огледала насочени залата провежда конгреса начин искам напомня отражение самите себе света заобикаля споделя експериментаторът esquire обикновено туник кани участие проектите представители двата пола път използва жени случайно изследванията показват жените харесват тръмп потенциален президент сащ имам дъщери искам живеят свят двата пола равни права допълва артистът очаква акцията жени останат голи минути спенсър туник арестуван пет опитите осъществи подобни инсталации ню йорк делото стигна върховния съд оневини,-1.0
базираният калифорния сайт квартири наем airbnb платил евро общината париж ангажира прочутите катакомби нощта октомври ноември души спечелят нощувка емблематичното място изпълнено черепи кости очаква истинско легло частен концерт закуска обясними причини баня участвате конкурса необходимо логнете сайта facebook профила напишете максимум знака английски френски достатъчно смел спите катакомбите описанието конкурса казва лягане разказани вълнуващи истории катакомбите гарантирано предизвикат кошмари сутринта имате възможност бъдете първите хора събудили photo airbnb френската столица започва пренася тленните останки гробищата тунели края xviii век избегнат зарази дългите км коридори туристите всъщност виждат част костите милиона души погребани катакомбите разположени метра нивото парижкото метро посещават половин милион души писатели виктор юго черпили вдъхновение зловещата атмосфера земята нуждите конкурса туристическият обект самоописал airbnb голямата гробница света века оазис спокойстивето тишината вечния сън наши клиенти жан дьо лафонтен шарл перо робеспиер наполеон iii искате бъдете наш гост създаденият сайт airbnb милиона потребители целия свят хотелските вериги негодуват подобни услуги обвинявайки заобикаляне данъчните закони,-1.0
смартфоните galaxy s galaxy s edge представени водо прахоустойчиви корейската компания пусна късно galaxy s active спортен защитен вариант флагманите samsung новото поколение върхови модели galaxy s galaxy s edge водо прахозащитени ip наблюдатели бранша задаваха въпроса galaxy s active galaxy s висока степен защита ip пазара появи s active дебела гумена обвивка защита удари възможност цвят камуфлажно зелено хардуерен бутон стартиране приложения загадката относно s active отпадна последната версия приложението samsung level моделът galaxy s active появи списъка предполага новият телефон параметрите galaxy s различен дизайн голяма батерия степен защита военните уреди непотвърдени данни кодовото име новия телефон poseidon говори голяма водоустойчивост s,-1.0
вчера април актрисата дейзи ридли навърши поздравена колегата марк хамил интересна снимка направена филмовото студио pinewood снимат междузвездни войни епизод viii снимката напомня кадър първите епизоди сагата люк скайуокър носеше гърба учителя йода текстът снимката миналата седмица далечна галактика студиата pinewood случи честит рожден дейзи разбира кадър можем направим някакви изводи сюжета епизод viii сигурно дейзи ридли рей физическа форма публикуването снимката twitter появиха нейни шеговити интерпретации a long time ago last week i think in a galaxy far far way pinewoodstudios this happened happy birthday daisy pic twitter com dycjybd mark hamill hamillhimself april the best photo to hit the internet starwars hamillhimself pic twitter com xafhfnqdbi cc po cynthiastull april pic twitter com wlpqddwr rin r_n_g_r_n april not my creation hamillhimself but i figure you should see this anyways pic twitter com fgfnsmg andy cole andycole april hamillhimself i hope y all squeezed as many jokes as possible into the bit such as pic twitter com creonrzjy miguel lopez garcia some_milo april hamillhimself saw this thought the setting was perfect for your training with daisy any green skin yet pic twitter com snryepvdj anna scruggs skullyyyy,-1.0
март понеделник apple обяви новите продукти последното подобно събитие септември компанията представи iphone s ipad pro дизайн apple watch ъпдейти операционните системи очаква видим същите неща малък размер слуховете инчов iphone малък ipad pro верижки часовника apple watch представен ъпдейт ios малък iphone слуховете малък инчов iphone верни първият подобен телефон iphone s представен сайта tomac името iphone se se c каквито първите индикации апарат слаби характеристики очакваме микс iphone s корпус напомня iphone bloomberg процесорът iphone se iphone s a задната камера мегапикселова предната mp каквито iphone сензор пръстови отпечатъци touch id nfc плащане apple pay единствената съществена липса функцията d touch остане ексклузивна s s plus очаква iphone se появи пълната цветова гама apple сиво сребристо златисто розово злато колкото цената tomac очаква долната част диапазона позициониран iphone s долара възможно продава висока цена близка iphone малък ipad pro инчов ipad air tomac компанията решила развива бранда ipad pro сметка линията air означава новият таблет характеристиките инчовия модел представен септември четири високоговорителя поддръжка стилус ram бърз процесор паметта gb конектор клавиатура компанията затвърди позициите ipad pro мощни таблети висок клас линията air остане скромна достъпна първа тв реклама таблета ipad pro видео сряда apple приема заявки новия продукт верижки apple watch смартчасовникът представен очаква март видим версия apple представя модел телефоните видим верижки материали партньорство модни брандове hermès верижки цветове предста,-1.0
международната космическа станция мкс третият яркост обект нашия небосклон вижда центъра голям град знаете минава мкс движи голяма скорост видима минути примерна таблица възможностите наблюдение мкс лондон photo nasa сайта nasa можете абонирате съобщения мейл sms мкс минава вашия регион предоставят данни локации света зависимост орбитата мкс видима вашия край месеца изглежда такова напомняне nasa spotthestation time wed apr pm visible min max height degrees appears wsw disappears ne буквите w e s n означават съответно запад изток юг север съкращения wnw означават западно северозапад българия nasa предоставя данни софия разбира ползват региона посоченото прелитане местно агенцията предоставя избор информира преминаванията часовете залез слънце часовете изгрев подходящите моменти наблюдение слънцето осветява мкс контрастът тъмното небе висок photo nasa photo nasa,-1.0
сайтът socialbakers com публикува данни представянето брандовете социалните мрежи показва анализът българия март фенове facebook samsung bulgaria тяхната страница бързо нарастващата души последния постовете belvita bulgaria висока средна активност фена включва лайкване коментиране споделяне успешната публикация facebook milka снимката алпийски шоколад предизвикала активности потребителите лайка коментара споделяния средно активности души последователи twitter monster energy bg бранд бележи голям ръст последния последователи успешен постът telenor bulgaria бъди съпричастен часътназемята изключи светлините час предизвикал лайка отговора ретуита нарича споделянето twitter общо активности последователи успешното видео youtube zagorkabulgaria загорка ретро мода e гледано предизвикало активности потребителите подробности изследването можете откриете,-1.0
благодарим включиха анкетата повод концерта ханс цимер зала арена армеец софия петимата наши читатели получават билет грандиозния спектакъл ивайло иванов йорданка крумова анита николова диана симеонова димо александров имената петимата късметлии печелят билет възможност срещнат композитора кулисите йорданка стратева десислава петрова надя русева константин зарев валентин илиев честито печелившите получи имейл посочения регистрацията адрес получи билета,-1.0
благодарим включиха анкетата повод концерта енрике иглесиас зала арена армеец софия имената тримата късметлии получават двойна покана шоуто асения банкова мирослава данева момчил стоянов честито печелившите получи имейл посочения регистрацията адрес вземе билетите,-1.0
благодарим читатели участваха анкетата повод уникалния гала спектакъл kings on ice април събота зала арена армеец двадесет топ фигуристи покажат майсторството звуците vienna strauss orchestra имената петимата получават двойна покана спектакъла marimavro цветелина панова марин ковачев лилия илчева любка нерезова честито печелившите получи имейл посочения регистрацията адрес получи билета,-1.0
списание addiction таблица съдържанието грамове етилов алкохол питие различните държави посочените стойности средни базата стандартите съответната държава етанол питиетата исландия великобритания грама държави нормата грама българия излиза едни гърди питие съдържа средно грама чист алкохол сащ мексико чили грама австрия държи първенството цели грама объркани разлики можем успокоим световната здравна организация дефиниция кое счита питие грама етилов алкохол австралия австрия босна херцеговина българия канада чили китай хърватска дания естония франция германия исландия индия ирландия италия латвия малайзия мексико полша словения испания швеция швейцария великобритания сащ съвета намалим щетите пиене алкохолпрочети започнеш излагаш интернет появят снимки срамувашсеверна корея твърди създала алкохол причинява махмурлукkoryo liquor алкохолно съдържание историите трима бармани техните авторски коктейли тема микромашини запознайте рецептите съдържат лактобацилус булгарикус малиново вино оцет джинджифил мед,-1.0
навън пролет продават мандарини ароматите градския транспорт стават богати минаваш покрай градинка парк потичат сополите магазина продават шоколадови зайчета католиците запад изяли чува онова неповторимо скърцане миене прозорци слънцето разтопява шоколадовите бисквити оставени прозореца детето ляга стъмнило кухнята мирише приятно краставици пие студено газирано бира захаросани сокчета лягаш спиш отворен прозорец някъде сутринта съжаляваш смелостта сирените включват флегматик казва внимание внимание извършва техническа проверка чуете националния сигнал тревога мола продават евтино ръкавици шапки ботуши непознати хора влизат фенерчета насочват радиаторите парното записват подписваш протокола такова неприятно предчувствие плащаш данъци ходи гърция,-1.0
apple разкри любопитна статистика своите клиенти хората отключват своя iphone средно данните съобщени брифинг посветен сигурността последните месеци ключова тема компанията светлината трудните отношения фбр правителството процента притежателите iphone отключват телефона пръстов отпечатък въвеждане парола показва хората приемат сериозно въпроса сигурността личните данни страна данни разкриват притеснително голяма пристрастеност социалните мрежи мейлите чата останали средства комуникация практика хората поглеждат телефона голяма част съобщенията видяни отключва телефонът изследване хората проверяват смартфоните дневно април подходящото покупка android смартфонна производителите половин появата новата версия android интегрират софтуера google,-1.0
юни ентусиасти пускат атмосферата балон метео сондажи закачат gopro камера поставена достатъчно здрава кутия идеята неизбежното пукане балона стратосферата камерата падне земята невредима кадрите запазени правено целия свят интересното случая камерата открита цели падането земята балонът излита км западно гранд каньон минути полет балонът пука камерата полита надолу пада км встрани изходната точка район поставеният кутията телефон обхват положение намирането камерата безбрежната пустиня аризона оказва непосилна задача голямата ирония късно камерата телефонът намерени случайно туристка работи телекомуникационната компания at t ентусиастите разчитали сигнал региона жената оставя телефона магазин at t сим картата установяват собственик телефона кадрите достигат youtube гледани милиона души,-1.0
туристите организират екскурзията красивата непозната странджа ново мобилно приложение показва основните маршрути пътеки места подслон природни културни забележителности територията големия природен парк българия безплатно работи нужна интернет връзка важно планината навсякъде покритие странджа слабо населена обикаляте срещнете човек разполагате навигация телефона придвижите бързо близкото населено място къща гости чешма заслон единственото условие инсталирането продукта разполагате смартфон оборудван gps липса достатъчно памет телефона заредите външната памет мобилния апарат приложението изтеглено следните линкове android os apple ios информацията организирана шест секции откъде минем отседнем важно знаем видим опазваме галерия описани плажове морската част парка къщи гости носят запазената марка странджа гарантира туристическия обект предлага автентична качествена услуга богата информация природните историческите забележителности неповторимата флора фауна планината паралелно мобилното приложение проекта изготвена уеб базирана географска информационна система гис парка gps карти туристическите маршрути photo мосв,-1.0
края февруари американката аби чемпиън навърши instagram последователи квадратните километри площ българия отплесваме аби модел агенция next models нормално фенове обяви официално кого излиза щастливецът годишният патрик шварценегер световноизвестния баща раздели певицата майли сайръс видите ухилен снимките можете следите аби twitter a photo posted by abby champion abbychampion on mar at pm pst a photo posted by abby champion abbychampion on mar at pm pst a photo posted by abby champion abbychampion on feb at pm pst a photo posted by abby champion abbychampion on feb at pm pst a photo posted by abby champion abbychampion on feb at pm pst a photo posted by abby champion abbychampion,-1.0
джоан смолс родригес модел световна величина голяма пие кафенцето колежките лили олдридж джиджи хадид родена юли пуерто рико изкачи осмо място класацията списание forbes заплатените модели пари анцуг мола съблазнена знаем харесал българският обичай връзване свински опашки сигурни жената милиона последователи instagram красивите жени instagram аби чемпиън a photo posted by joan smalls joansmalls on apr at pm pdt a photo posted by joan smalls joansmalls on apr at am pdt a photo posted by joan smalls joansmalls on apr at am pdt a photo posted by joan smalls joansmalls on mar at am pdt a photo posted by joan smalls joansmalls on mar at pm pdt a photo posted by joan smalls joansmalls on feb at,-1.0
госпожица вентура родена слънчевата община маями американския окръг пардон щат флорида появява светските хроники кратка връзка дечкото джъстин бийбър кратка знае информацията вярна слух pr акция знаем сигурност красавицата милиона последователи instagram обича грижи животните красивите жени instagram розана кордобапоследния кадър галерия озаглавихме коте a photo posted by yovanna ventura yoventura on may at pm pdt a photo posted by yovanna ventura yoventura on may at pm pdt a photo posted by yovanna ventura yoventura on apr at pm pdt a photo posted by yovanna ventura yoventura on apr at pm pdt a photo posted by yovanna ventura yoventura on apr at pm pdt a photo posted by yovanna ventura yoventura on,-1.0
розана кордоба колумбийски модел профила instagram старият последователи новият посветен фитнеса здравословното хранене привърженици подбрахме снимки двата пълнота разкош последния кадър кръстихме коте оригинално красивите жени instagram джоан смолс a photo posted by rosanna córdoba rosanna_cordoba on may at am pdt a photo posted by rosanna córdoba rosanna_cordoba on apr at pm pdt a photo posted by rosanna córdoba rosanna_cordoba on apr at am pdt a photo posted by rosanna córdoba rosanna_cordoba on apr at pm pdt a photo posted by rosanna córdoba rosanna_cordoba on apr at am pdt,-1.0
universal pictures представи трейлър джейсън борн режисьор поредния филм специалния агент мат деймън постепенно възвръща изгубената памет пол грийнграс многозначителните реплики клипа спомниш означава знаеш филмът кината юли края годината първите заглавия universal pictures излязат k blu ray диск първият филм поредицата самоличността борн излезе трейлър мат деймън новия джейсън борн петият филм поредицата екраните юли,-1.0
новата поетическа книга георги господинов събира стихове писани последните десет неиздавани пета ред класическите стихосбирки лапидариум черешата народ писма гаустин общото издание антологията балади разпади господинов казва внася контрабандно поезия своите романи вярно обратното можем открием ненаписани романи контрабандно внесени стиховете стихосбирката личната световна меланхолия физика тъгата новата тревожност градовете света автора книга пътуването чезненето тягата мечтано убягващо другаде ад проф хенрике шмид просто черешата народ черешата света дългоочаквано завръщане поета георги господинов,-1.0
apple представи серия реклами своя смарт часовник секундните клипове участват алис купър ник джонас джон батисте актрисата хлое севини спотовете фокусира определено приложение функция умния apple watch клипът rain дъжд представя приложението dark sky предупреждава започващ дъжд използването известни лица концентрирането конкретни приложения показва часовникът apple watch сравнително непознат клиентите уред нуждае разяснителна кампания бисквитеното чудовище участва новата реклама iphone видео,-1.0
хапни мазно предпочитане масло качествен зехтин мазнината създава филм вътрешността стомаха затруднява усвояването алкохола нашите ширини разпространено консумирането шкембе чорба типично балкански стил белята станала яж сладко комбинацията алкохол плюс сладко опияняваща буквалния смисъл стой приятелите човекът социално животно група увеличава шансовете оцеляване важи джунглата нощните клубове отделяй компанията помагай останалите носи презерватив казва онзи виц истинският джентълмен носи презерватив истинската дама използвай лека измама твоите приятели носят алкохол следваш темпото можеш намериш пътя вкъщи страна искаш смеят слаб пияч балканите силно разпространен страх поръчай водка прозрачен алкохол удобни моменти доливай вода чашата пиеш колкото другите пий вода говорим официално пиене водица разрежда алкохола спасява напиване махмурлук лошо сложиш лимон чашата знай спреш припомним виц онзи дето казал пия мярка пия направя прасе следваща страница,-1.0
принс издаде новия албум hitnrun phase one потвърди репутацията ексцентрик реши разпространява стрийминг съобщи афп парчета общо минути слушани стрийминг портала tidal джей зи пословично независимия принс навремето изписа думата роб бузата протест политиката звукозаписните къщи стриймингът позволи изпълнителите освободят оковите музикалната индустрия договорите дисковете кажа направо робство заяви принс пресконференция лансирането албума интервю сп ебъни емблематично афроамериканската култура обясни интернет позволи освобождаване модела конфекцията стигне продукция мярка албумът hitnrun phase one възпроизвежда атмосферата концерт цитира текста известните ритмични песни принс let s go crazy денс преминава фънк певецът обича връща предишните хитове път версия this could be us албумът ретро сякаш миналия век нямате абонамент tidal можете чуете първите секунди песен албумът адрес http listen tidal com album,-1.0
бързайте смеете бабата видите видеото никога сядали волана виждали живо самоуправляващ автомобил реагирал същия начин гласно реакцията сходна видеото tesla model s подсеща колкото бързо развие технология нашето поколение ползва спокойно децата возени самоуправляващи коли първите уверени потребители подобна технология,-1.0
властите берлин ограничиха отдаването апартаменти наем сайта airbnb другите подобни платформи wimdu flats собствениците отдават стаи цели апартаменти къщи доводът сайтове свободните жилища дългосрочно наемане остават цените твърде високи местните жители наемите берлин скочили периода ниски сравнение другите големи градове европа кв отдава евро берлин популярните туристически дестинации милиона нощувки изследвания сайтовете типа airbnb създават паралелен пазар милиона нощувки годишно ограничението отдаването апартаменти наем прието двегодишен гратисен период изтече неделя нарушителите глобявани евро общината разчита анонимни сигнали санкционира неспазващите новото правило несъгласните промяна обвиняват властите обслужват интересите хотелиерите вестник the independent новото правило броят квартирите берлин предлагани сайта airbnb спаднал процента големи градове света въведоха ограничения такси airbnb последното тримесечие платформата споделяне квартири плати френската столица милиона евро такси евро човек нощувка подобни такси плащат амстердам чикаго вашингтон искате спите хелоуин катакомбите парижсайтът квартири наем airbnb организира конкурс краен срок октомври,-1.0
корабът титаник потъва век април трагедията продължава вълнува хората смъртта души описана книги филми включително игралния джеймс камерън леонардо ди каприо статии път появи компютърна игра представеното видео продължителност минути част именно проект озаглавен titanic honor and glory хората изгледат целия материал голямата част случва видимо хубавото важните моменти отбелязани кратки текстове появяват екрана липсата хора видеото някак стерилно зловещо целта авторите образователен характер постигната сайта http www titanichg com,-1.0
вселената юпитер сатурн центъра новия клип ipad pro apple качи youtube премиерата клипа американския ефир понеделник вечерта компанията приема заявки таблета сряда първите доставки осъществени края седмицата ipad pro отличава голям екран инча комбинация писалката apple pencil продава отделно подходящ графични програми apple представи новия таблет ipad proкъм таблета представени писалката apple pencil клавиатурата smart keyboard photo apple,-1.0
volocopter vc немската компания e volo първият сертифициран мултикоптер електрически хеликоптер машината перки своя пилотиран полет достигна максималната скорост км показа отлична стабилност предимствата мултикоптерите лесното управление поддръжка ниската себестойност полета относителната безшумност позволява летене населени места всяко денонощието очаква края годината e volo започне приема поръчки новата машина,-1.0
образът доктор стивън стрейндж появява път комиксите marvel ноември голям екран излиза филмовата версия doctor strange бенедикт къмбърбач главната роля неврохирурга тежък инцидент оперира прости кариерата филма участват рейчъл макадамс тилда суинтън мадс микелсен чуетел еджиофор бенедикт уонг марсианецът режисьор скот дериксън дяволът емили роуз,-1.0
тото издание super bowl финала първенството американски футбол сащ представен първият трейлър петия филм поредицата агента борн режисьор джейсън борн пол грийнграс филмът кината юли,-1.0
двадесет топ фигуристи участват шоуто kings on ice софия април събота зала арена армеец представят гала спектакъл звуците vienna strauss orchestra звездите хавиер фернандес испания световен шампион четирикратен европейски шампион браян жубер легенда франция световен шампион европейски шампион аделина сотникова олимпийска шампионка филип канделоро томас вернер флоран амодио джони уайър сащ бронзов медалист световното първенство иван ригини трикратен шампион италия рекордьорите гинес дълго задно салто лед метра сантиметра александър любченко жан дени санчис първокласните съчетания публиката ледената арена наслади невероятни музикални шедьоври принцът цигулката едвин мартон свирил звезди дзукеро сийл глория гейнър включи шоуто редом звездите фигурното пързаляне омагьосващи изпълнения своя страдивариус сцената непосредствено пързалката застанат майсторите класиката vienna strauss orchestra можете спечелите петте двойни покани отговорите правилно въпроса анкетата печелившите избрани томбола участвате регистриран потребител сайта btv bg април спечелилите уведомени мейл адреса попълнили регистрацията отделно сайта публикация имената спечелилите роден световният шампион фигурно пързаляне хавиер фернандес испания бразилия мексико гласувай резултати,-1.0
nivea подготвя мобилно приложение хардуерна приставка формата калъфче оценяват телесната миризма анализаторът миризми монтиран калъфче поставите гърба смартфона поднасяте телефона подмишницата приложението дава оценка вашето ухание степени it s ok наред it s time измиване it s urgent положението критично приложението nivea nose насочено мъжете слабо обоняние дамите системата период тестване приключи приложението достъпно appstore googleplay,-1.0
фейсбук профила метеоролозите работещи връх мусала появи снимка текст см продукт вратата позакъснялата доставка нощта температурата високия връх нулата дъждът премина сняг необичайно мусала минималните температури минус градуса можете следите случва върха последвате профила musala meteo station см продукт вратата позакъснялата доставка публикувахте musala meteo station април изгрев преспата небето публикувахте musala meteo station март края въжетопубликувахте musala meteo station април,-1.0
приложението чат whatsapp премахва годишната такса цента потребителите плащаха първите месеца модел работи нашите потребители нямат дебитна кредитна карта спират ползват чата решихме премахнем таксата отнеме седмици изтрием съответния код различните версии приложението връщаме пари предплатили съобщават компанията закупена facebook милиарда долара първите потребители whatsapp никога плащали такса въведена късно новите клиенти whatsapp милиард потребители отпадането таксата бързо прехвърли граница приложението показва реклами принципите основателите платформата финансирането осигурява услуги бизнес клиенти тестваме функции можете изпратите whatsapp съобщение вашата банка авиокомпанията летите уточняват компанията,-1.0
приложението чат whatsapp премина границата милиард потребители facebook похарчи цели милиарда долара придобие компанията whatsapp носи приходи задмина популярност facebook messenger милиона потребители закупено facebook whatsapp имаше млн активни потребители месечно приложението спечели привърженици благодарение минималистичния дизайн липсата реклами официални данни годишните приходи whatsapp поглъщането facebook млн долара дошли основно годишната такса долара потребителите заплащаха седмици компанията обяви такса отпада приложението показва реклами принципите основателите платформата финансирането осигурява услуги бизнес клиенти тестваме функции можете изпратите whatsapp съобщение вашата банка авиокомпанията летите уточняват компанията новината whatsapp съвпадна съобщението gmail прехвърлил границата милиард активни потребители one billion people now use whatsapp congrats to jan brian and everyone who helped reach this milestone whatsapp s публикувахте mark zuckerberg февруари приложението whatsapp безплатноняма реклами парите идват бизнес клиенти,-1.0
samsung electronics предлага своите флагмани samsung galaxy s s edge цвят розово злато смартфоните продаваха цветовете black onyx gold platinum white pearl silver titanium сайта компанията пише новият цвят добавен натурален дава усещане комфорт pink gold наличен южна корея появи държави samsung представи официално galaxy s s edgeпо издръжливи батерии добри камери водоустойчивост основните екстриизтече информация samsung подготвя galaxy s activeс голяма батерия степен защита военните уреди,-1.0
samsung получила патент умни контактни лещи проектът ниво документи развие можем носим лещи вградена камера контролира мигане очите южнокорейската компания става втората света google притежава подобен патент проектът google фокусиран медицинската страна лещите измерват нивото кръвната захар анализ сълзите снимката горе лабораториите интернет гиганта лещите samsung правят запис видяното човека информацията изпраща безжичен път смартфона прекалено навлизане технологиите живота буквално тялото идеята начин човек заснеме важни моменти живота лещи свидетели престъпления запишат лицата извършителите знае изобщо стигне реализацията подобни устройства десетки компании получават патенти голямата част остават завинаги чекмеджетата малцина навлизат начин ежедневието,-1.0
разкри instagram профилът популярната тв водеща a photo posted by nikoleta lozanova nikoleta_lozanova on apr at am pdt a photo posted by nikoleta lozanova nikoleta_lozanova on apr at am pdt a video posted by nikoleta lozanova nikoleta_lozanova on apr at am pdt a photo posted by nikoleta lozanova nikoleta_lozanova on apr at am pdt,-1.0
вестник pyongyang times съобщава учените северна корея създали алкохол води махмурлук изданието пише благата напитка чието име koryo liquor алкохолно съдържание местен вид женшен ориз сутрината запазва националния плам жар работа напитката води главоболие захарта заменена ориз трудно прецени информацията отговаря истината медиите диктаторска държава съобщават апломб големи постижения местните учени миналата оповестено откриването лекарство основата женшен лекува спин,-1.0
петък аулата софийски университет проведе първият специализиран кариерен форум филолози алма матер събира студентите водещи международни български фирми сектори бизнеса нпо организации идеална цел улесни кариерния избор фирмите подготвили специални предложения кандидатите осигурили предметни награди студентите дойдат форума четвъртото издание изложението златната ябълка успеха открито доц р георги вълчев заместник ректор учебната дейност софийски университет проф р мадлен данова декан факултета класически филологии софийски университет започва q a среща представители водещи международни български компании библиотечно информационния център англицистика американистика ректората софийски университет дават информация студентите първа ръка направят успешна кариера фирмите организациите търсят потенциални бъдещи служители стажанти говорят английски китайски японски финландски чешки унгарски иврит късметлиите спечелят томбола предметни награди киндъл курс английски език usb hub power bank технологични средства разрастване компаниите it bpo секторите фирми поглеждат страната източник работна сила отлично владеене английски европейски езици българия топ дестинациите аутсортинг света езиковите познания ценени техническите компетенции мнението николай николов управител агенция хорайзънс българия кои модерните езици бизнеса търсят работодателите модерните езици постоянно менят договорите вро компаниите сключват обслужване модерни езици напоследък холандски фински шведски норвежки иврит корейски японски мандарин кантонски фарси модерно езиците комбинация задължително английски модерни актуални езици нестандартни търсят владеещите атрактивни немски португалски подробности http www horizons bg en news goldenapple,-1.0
концертът камелия тодорова нощи бял сатен основните акценти фестивала салон изкуставата националния дворец културата ндк проведе сряда зала двореца концерта участват софийската филхармония национален филхармоничен хор светослав обретенов диригент славил димитров brazz association combo вокална група new camellettes нощи бял сатен ретроспективен поглед творчеството камелия тодорова акцент емблематичните ѝ български песни началото прошепнати мечти гледай момче песен синия балон световни джаз соул композиции специално място програмата заеме представянето материал песента красив спомен написана камелия тодорова дъщеря ѝ рейчъл роу можете спечелите двойна покана отговорите правилно въпроса анкетата печелившият избран томбола участвате регистриран потребител сайта btv bg крайният срок участие следобед обявим името спечелилия уведомен мейл адреса попълнил регистрацията сайта популярен български филм участва камелия тодорова търновската царица търновската кралица търновската принцеса гласувай резултати,-1.0
успешния концерт декември световната звезда енрике иглесиас завръща българия грандиозен спектакъл събота пее зала арена армеец софия радост своите фенове можете спечелите трите двойни покани отговорите правилно въпроса анкетата печелившите избрани томбола участвате регистриран потребител сайта btv bg крайният срок участие вечерта обявим имената спечелилите уведомени мейл адреса попълнили регистрацията участниците телевизионен формат срещне енрике иглесиас българия търси талант masterchef мама готви гласувай резултати,-1.0
любопитно красиво вълнуващо секундно видео създадено изображения заснети космическия телескоп hubble отвежда центъра млечния път отстоящ светлинни земята огромна черна дупка чиято маса милиона голяма слънцето българия можем видим камъче луната,-1.0
новата реклама apple участието бисквитеното чудовище улица сезам очаква известният мъпет любимото бисквити парченца шоколад засече времето печене синята кукла обръща дрезгавия тембър гласовия асистент siri включи таймера минути моли пусне музиката настроил чакане waiting playlist октомври apple представи кратки реклами актьора джейми фокс джанго окови насочени гласовия асистент siri вижте новите реклами iphone s джейми фокс стив кърихаризматичният чернокож актьор рекламира гласовия асистент siri доядоха бисквити линк можете намерите рецепти бисквити какви продукти очакваме apple мартслуховете малки размер версии последните iphone ipad pro,-1.0
десет електрониката автомобил представляваше себестойността ситуацията коренно различна надвишава причината големия ръст основният начин добавяне екстри колата подобряване съществуващите големите европейски автомобилни производители подготвя представи световния пазар модела първия индустрията кокпит домейн контролер предоставя възможността цялата електроника дисплеи автомобила управляват единствен модул продуктът възложен разработка инженери българия новината официално оповестена изложението потрeбителска електроника ces лас вегас разработваната българския развоен център visteon платформа smartcore логично продължение дългогодишния опит екипа проектирането създаването софтуера инструментални табла дисплеи хед ъп дисплеи модули свързване мобилни устройства външна инфраструктура масовите модели водещите световни автомобилни компании новост интегрирането различни автомобилни функции управлявани различни операционни системи android integrity qnx linux отделни процесорни ядра рамките микроконтролер грижи самостоятелно определени функции навигация мултимедия инсталиране допълнителни приложения информация останалите системи автомобила свързване мобилни устройства интернет услуги платформата мащабируема различни модели нива оборудване комплексния вид координира работата цветни tft сензорни дисплея хед ъп дисплей таблета помощта wi fi връзка успешната разработка позволи интуитивно гъвкаво управление информацията страна водача данни оптимизация индивидуалния маршрут автоматично известяване пътни инциденти дистанционна диагностика достъп специфични мобилни приложения тяхн,-1.0
снощи apple качи youtube канала реклами iphone s s plus първите секунди актьора джейми фокс джанго окови насочени гласовия асистент siri единия спот актьорът моли siri хвърли ези тура избере сценария бъдещата роля пада сай фай уестърн другия клип джейми фокс пита гласовия асистент изглежда siri отговаря съдейки гласа изглеждаш атрактивно разлика последните реклами смартчасовника apple набляга потребителите функции използва харизмата актьора борави познатия siri третият клип дълъг секунди концентрира камерата новите телефони участва nba звездата стив къри,-1.0
полярното сияние оптично явление наблюдавано небето полярните райони земята възниква вследствие взаимодействието заредени частици слънчевия вятър магнитосферата благодарение nasa можем видим ефектен спектакъл заснет международната космическа станция k резолюция международната космическа станция видима българияnasa изпраща желаещите мейл sms точния час прелитане мкс вашия регионзащо скот кели прекара космосаза подготви полет марс nasa изследва промените човешкия организъм дълга липса гравитациянай хубавите снимки скот кели космоса,-1.0
apple фбр спорят властите получават достъп информацията даден iphone разследва престъпление оказва подобен казус изправена компанията whatsapp собственост facebook вестник the new york times припомня популярната услуга мобилни съобщения добави края криптиране комуникацията потребителите властите самата whatsapp нямат достъп чата разполагат съдебно разрешение подслушване източници желаещи останат анонимни съобщили whatsapp правосъдното министерство конкретен казус става въпрос криминален случай терористична заплаха уточнява град щат разследването вестникът обяснява нагледно двата казуса следния начин телефоните apple спорът фбр влезе дома претърси whatsapp става въпрос подслушване текстови съобщения очевидно сащ нуждае ново законодателство област действащите закони приети настъпването дигиталната ера подслушването телефонните разговори съвсем whatsapp ползва милиард души света възниква нуждата проследяване съобщения разследването престъпления казусът заплетен самото американско правителство подкрепи развитието криптиращите технологии предпазени компаниите частните лица хакерски атаки ситуацията деликатна факта криптирането съобщенията whatsapp направено държавно финансиране рекламира защитата човешките права фондът open technology предостави милиона долара развитието open whisper systems гръбнакът криптирането whatsapp whatsapp спира поддръжката ос blackberry nokia платформидо края годината приложението чат спира поддръжката android,-1.0
притежаваната facebook платформа чат whatsapp спира поддръжката операционни системи blackberry включително последната версия nokia s nokia symbian s поддържат android windows phone потребителите телефони потенциални клиенти приложението данните google клиентите android използват старата ос froyo стари мобилни устройства нямат нужните свойства разширим функциите приложението бъдеще поддържат високо ниво сигурност казва съобщение компанията средата януари whatsapp премахна годишната такса долар обявявайки модел работи потребители нямат дебитна кредитна карта началото февруари популярното приложение чат прехвърли границата милиард потребители месечно приложението whatsapp милиард потребителитова facebook messenger милиона потребители,-1.0
месеца whatsapp популярната услуга мобилни съобщения представи своята уеб версия приложение компютри съвместимо windows следващи версии mac os x регистрирате приложението сканирате qr код мобилната версия whatsapp начин съобщенията синхронизират телефона компютъра предимствата новия софтуер десктоп известяванията възможността ползва голямата удобна клавиатура притежаваната facebook платформа чат използва милиард души новото приложение whatsapp достъпно,-1.0
белгийските власти забраниха facebook следи нар cookies бисквитки активността потребителите нямат профил социалната мрежа доведе голяма промяна хората белгия facebook профил виждат каквото съдържание платформата включително фен страници общодостъпни групи cookies текстови файлове записват уеб активността потребителите файловете facebook наричат datr веднъж приети потребителя активни браузъра facebook бисквитките дават сигурност намаляват риска кражба акаунти компанията обжалва решението доводите миналия белгия направени опита хакване акаунти facebook загуби делото вероятност държави ес последват примера белгия законодателството съюза синхронизирано бизнес средите доволни страниците facebook недостъпни нерегистрирани потребители истината начин личното пространство хората защитено,-1.0
сайтът технологични новини the verge анализ предстоящите премиери света телефоните стигна извода април чудесно избор смартфон причините април минало достатъчно появата новата версия android marshmallow производителите продават телефони другата причина наличието процесора snapdragon qualcomm фирмите бързат използват демонстрират технологична мощ пазара моделите xiaomi mi samsung galaxy s април изборът смартфони богат април представен новият флагман huawei p камери гърба m note meizu седмица късно htc представи своя върхов модел чието име очаква htc производителите половин появата новата версия android интеграцията техния софтуер google отнема четири месеца новият g lg представен края февруари mobile world congress барселона всъщност доставя април поредицата телефони нареждат новите xperia sony макар японската компания уточнила дата премиерата последните google представя новата версия android октомври причината септември apple анонсира новите модели iphone софтуер интернет гигантът отвърне предизвикателствата mobile world congress барселона очертава мястото анонсират голяма част новите android телефони реалните продажби започват април недостатък график производителите android смартфони подготвят флагманите голямото пазаруване коледа начин избягва,-1.0
водещата предаването папараци николета лозанова сподели instagram великденските яйца нейния дом предимно сини коледните празници рождения никол минаха тематиката леденото кралство дойде ред великденските яйца традициите налагащи червения цвят нашите предимно сини настояване принцеса никол a photo posted by nikoleta lozanova nikoleta_lozanova on apr at am pdt a photo posted by nikoleta lozanova nikoleta_lozanova on apr at am pdt a photo posted by nikoleta lozanova nikoleta_lozanova on apr at am pdt,-1.0
служители facebook редовно потискали появата социалната мрежа новини свързани консервативни политици мит ромни кандидатът републиканската партия президент сащ твърди сайта gizmodo журналист работил компанията проект facebook потиска появата определени политически новини органично популярни интересни потребителите четяли споделяли плаща рекламирането бивши служители facebook работили куратори новини споделят инструктирани инжектират определени новини потока съдържание страна забранено промотират новини самия facebook думи новинарската секция facebook работи класическа медия пречупва новините възгледите пристрастията корпорацията добавянето човешка намеса компютърния алгоритъм себе осъдително отговаря твърденията facebook потребителите виждат интересно популярно болшинството хора разкрития идват седмица gizmodo писа наличието facebook определящ кои новини появят горния десен ъгъл екрана работят млади журналисти завършили частни университети престижни заведения нар бръшлянова лига казано предпочитат новините медии cnn the new york times bbc избягват консервативни издания рода breitbart washington examiner newsmax секцията популярни новини въведена оказва огромно влияние потребителите facebook сащ милиона куратори взимал самостоятелно решение кои новини избутани нагоре въз основа личните пристрастия имало преки указания цензура говори някаква цензура извършва индиректно назначаването журналисти интервютата показали предпочитания демократите неприязън републиканците редакторите gizmodo изпратили запитване facebook относно разкрития получили отговор социалната мрежа отрича твърден,-1.0
шестият албум бионсе lemonade факт чут tidal изненада стрийминг платформата семейна собственост певицата нейния съпруг джей зи голямата интрига съобщава дискът продава певци избират стрийминг услугите промотиране албумите започват продажбите седмица дебюта интернет единствените музиканти голям калибър предлагат албумите стрийминг кание уест покойният принс любопитно види пазарна стратегия избере бионсе продава диска собствения сайт beyonce com прекия конкурент tidal itunes lemonade първият албум бионсе декември представи никакво предизвестие промоция диска beyoncé новият проект съдържа парчета обща продължителност минути записите участват джак уайт джеймс блейк кендрик ламар the weeknd появата албум заговори началото февруари бионсе изпя път сингъла formation финала първенството американски футбол super bowl обяви световно турне лятото мине европа lemonade вторият визуален албум певицата филм излъчен hbo минути премиерата тавата tidal албумът чут адрес вилата нощ бионсе отседна super bowlс овошки кокошарник гарантира пресни яйца новият албум принс слуша tidalспоред музиканта стрийминг порталът рапъра джей зи дава нужната творец свобода,-1.0
мрежата качена песента just like fire първият сингъл поп иконата p nk последните музиката част саундтрака алиса огледалния свят джони деп ан хатауей миа вашиковска рис айфънс хелена бонъм картър саша барон коен озвучаващите актьори алън рикман стивън фрай майкъл шийн тимъти спол видеото песента p nk режисирано дейв майер представено началото филмът кината d imax d dx новите музикални парчета бива пропускатекакво пее последните песни михаела филева група остава p nk алиса огледалния свят спасяването лудия шапкарпригответе невероятни преживявания любимата героиня романа луис карол,-1.0
