българите гласуват наса предстоящите местни избори сочи съвместно изследване социологическите агенции калъп бухал парис гражданите всъщност селяни обяснили гласуват доверие наса успяла намери вода марс кметовете централната власт софия могли направят същото техния регион можаха тръбопровод направят ток имаме вали духа силен вятър заявиха жители родопски села наса изпраща хора луната марс стаж изпратиха веднъж хисаря ядоса отруден мъж сръчкан ребрата приятелите подшушнаха смесва ангажиментите общината социалната политика завода работили същевременно чуждестранни медии отказаха изпратят свои кореспонденти софия изборите октомври видели снимки изгнилия паметник продължаващите цяло лято ремонти ндк сигурността нашите репортери първостепенно значение изпращаме екипи софия споделят световните агенции,1.0
хората бургаска област писна цяла седмица четат слушат стрелбата град средец инцидент границата аман снимки медиите визуализиращи случая средец телени мрежи каменни пирамиди гранична бразда възмутиха хората понятие география знаят средец км бургас км северно близката гранична зона село белеврен правят балъци мигрантите притичали браздата станала патакламата отвърнем отношението обявяваме независимост заяви дуплекс инициаторите новината предизвика огромна еуфория местните жители фейсбук организира спонтанен митинг концерт центъра бургас приходите туризма остават натрием носа надутите варненци нали софиянци важни твърдят ходели море чужбина чужбинско море първите коментари бургазлии носят слухове песен тони димитрова химнът новата държава анцугът ленти отстрани официалното облекло потвърдено,1.0
свое заседание цик реши изборните бюлетини лотариен талон търкат стотинки попълват химикалка елегантната идея решава едновременно проблема ниската избирателна активност купуването продаването гласове феномена урежда приятни постове млади анонимни комсомолци сметка стари опитни апаратчици очаква занимателният елемент търкането лотариено картонче привлече мало голямо урните бюлетина поле евентуална печалба направо взриви извинение клишето избирателната активност печалбите лева изплащат място секционната комисия печалби лева изплащат рик големите награди лв петте автомобила връчени тържествена церемония ндк гласуването партиите лотариен принцип изборите българия средно лотария шашма изтъркваш полето разбираш коя партия гласуваш начин пресече купуването продаването гласове възможността социолози правят умни телевизора анализират резултатите големият въпрос отпечата талончетата цик нямат отговор пълни ентусиазъм идеи следващите парламентарни избори пуснем бюлетини печалбата депутатско място сподели говорител цик,1.0
дпс затвърждава модела големи християнски празници напомня себе предизвиква трусове обществото медиите богоявление дуплекс получи флашка формата кръст съдържа новата реч ахмед доган произнесена коледното парти дпс нар сараи бояна партито провело снощи дпс спазва календара руската православна църква важното словото почетния председател дпс ахмед доган еднополюсният новинарски модел света остане вид категоричната доминация сащ китайската телевизия развива сериозно агресивно разбира руската случва фона пасивната политика euronews утвърждаването руската телевизия необратим процес искам наблюдавате виждам следващите условия романтична телевизия западен стил новините турски гаф господа cnn позиция euronews позиция българинът чувствителен тема гледа мига пролетта децата заспиват искам возя маруся върнем съветската пардон руската телевизия петък знаете телевизионен зрител дефиниция явно твърде насериозно приел пасивен съзерцател означава върна телевизионния екран,1.0
организаторите детска евровизия национална селекция променят регламента научи дуплекс решението взето загубата норвегия цели утеши футболистите даде шанс участие европейски форум изискванията футболистите следните хвърлят салфетки изпълненията имитират танца боби михайлов онова видео дето изтече интернет дразнещо движението ръцете събличат николай петев шоуто гледа семейна аудитория научат текста българския химн първият кръг тяхното извънредно участие плюят сцената бършат потта челото лакти фон дьо тенът размаже връзка включването футболистите детска евровизия правят следните промени спортно технически телевизионен план отборът пътува италия мача септември честваме съединението загубим служебно отколкото кошмарно септември вечерта телевизорът излъчи първия кръг националите пеят химна акапелно зрителите изберат гласуване шестимата добри септември излъчва втори кръг изпълнения песен избор зрителите избират тримата добри отиват финала септември,1.0
гърция нуждае спешно свежи пари среднощно заседание правителството решило продаде купата европейското футбол спечели възможно гърция продаде отличието търг дървено чукче строг господин смокинг повелява традицията организации лондон вашингтон париж люксембург информирани източници дуплекс участие търга заявили сеп блатер кирил домусчиев роман абрамович екстремно богати хора предимно стария континент репортери попитаха сеп блатер неудобно купувате титлата гърците фифа разтърсена скандали корупция отговорът блатер светкавичен чувствам гръцкия премиер алексис ципрас духовен брат искам помогна успешно харчи милиарди негови притеснява поиска пари браво момче смятам предложа мой наследник фифа,1.0
гърция треска предстоящия фалит кметовете малките населени места решиха вземат нещата свои ръце закупили последните пари дарени работливите наивни западноевропейци кашонче узо полеят улиците лоша поличба политическите анализатори следящи събитията балканите отбелязват път ситуацията типа гърците измислили нестандартната процедура заимствана съседна българия кметът загора поръси пътищата кг захар спре тежките катастрофи вдъхновихме кулинарно мистичния ритуал загора решихме претворим наша почва вярваме силната миризма анасон помогне гръцката икономика спаси демоните капитализма заявиха гръцки кметове пожелали анонимност милиона долара помощи австралия япония съгласи даде акцията ограничи узото намажем банкоматите зехтин трезорите сложим маслини здраве берекет уточниха местните управници решили помогнат централната власт атина изнурена борбата меркел кристин лагард лоши лели западноевропейския елит,1.0
стана ясно открит нефт черно море правителството дава милиарда долара годишно социални дейности хората решиха ускорят процеса дуплекс научи сформирането граждански отряди лодки залавянето нефта газа черно море помагат сондажния кораб консорциума хан аспарух представен вчера бургас разликата акциите залавяне мигранти турската граница отрядите казват нефта бек имидятли примамват популярни думи американските фирми камон бейби камон нефтът връзван големите свински опашки продават пазара избяга остава проблемът природния газ повратлив труден хващане експериментира дебели торбички супера буркани туршия рано каже методи успешни важното хората желание помагат държавата милиарда долара годишно социални дейности пет милиарда живее швейцария,1.0
тежък инцидент улиците тротоарите околовръстните софия мъже средна възраст сбили столична библиотека поводът побоя спор влезе пръв храма книгите отнето предимство иван пеев умното налетял ангел тенев известен прякора удиалъна мъже разцвета силите носили книги върнат библиотеката вземат проверка дуплекс установи иван пеев умното интелектуално проявен стар познайник националната библиотека водещ отчет библиотеката американския конгрес неговата съседка шести етаж представила леля миче висящи невърнати книги периода студент пловдив въпрос репортери вярно интелектуално проявен иван пеев умното отговори хладнокръвно интелектуално проявен наше пише снима социални мрежи клипчета телефона кинематографист полицията тепърва разследва инцидента материалните щети побоя големи книгите удиалъна средни телесни повреди меки корици липсващи предни страници надраскана задна броня корица имахме стабилност хаос вчера имаше ред ясно бие ясно изложихме брюксел коментираха депутати топло уютно парламента,1.0
българският парламент поднесе поредната голяма изненада избра йоло денев омбудсман нали казаха гласуваме съвест оправдаваха депутати герб ръководните органи партията скастриха объркали нещата информация дуплекс стаята парламентарната група герб чували заплахи вашите изнежени ръце познават катрана армейски казано занимавам тиловите въпроси конституцията фаворитите поста мая манолова досегашният омбудсман константин пенчев попарени честитиха победата йоло денев йоло народен трибун защити интересите обикновените граждани харчи пари фризьори живее скромно обеща протестира извънработно коментираха лични разговори депутатите,1.0
шефът военното разузнаване a k a служба военна информация йордан бакалов реши чака ветото президента благодарение остане поста огорчен ретроградното просъветско лоби парламента опита отстрани поста промени закона бакалов реши поеме uber компанията споделено пътуване uber обвинена държавата нелоялна конкуренция право извършва дейност йордан бакалов използва опита националната сигурност колите uber отличават външен вид останалите поведе съпротивата ретроградните сили обществото искат българия върне времето петък гледахме съветска телевизия разрешаваше американците правят детски музеи известна пивоварна използва ситуацията лек тунинг рекламните послания етикетите бирата пише времето такситата държавни шофьори сътрудници милицията бпц изказала въпроса uber паството очаква затаен дъх нейната позиция,1.0
наса мая манолова прокуратурата меркел ципрас слънчев бряг бербатов възел белокопитово митрополит николай созопол рекордът дизела темите събрали голям читателски интерес хумористичната рубрика дуплекс наса откри държава двойник българия голямата разлика условия мая манолова отказа поста омбудсман валерия велеване нормално журналист стои работапрокуратурата отмени премиерата междузвездни войни притеснява заглавието епизод vii силата пробужда меркел заплашила ципрас изпрати синовете екскурзия български туроператори слънчев брягще признават престоя слънчев бряг казарма трудов стажмладите хора просто пазят фактурата хотела лудогорец подпис бербатовв футболистът летище варна вдига телефона държи шах елитни отбора европавоенната колона мина белокопитово неизвестноствременно северна българия армия митрополит николай забрани персеидите водели развратвладиката притеснява нощ младите лежат поляните гледат звездисозопол обяви независимостградът държава ограден лично кмета премиер панайот рейзирекордът дизела зачетен бягал пълнолуниенеслучайно сайтът бтс изобщо отрази събитието,1.0
алексей петров някаква грешка предполагам искали ловят риба взривове бойко борисов сърдито заплашително мислите пращам цецо вади трупове цецо ходи вади трупове сърдито звъня близките загиналите сърдят безпокоя посред нощ домусчиев излизане стадиона видя терористичен акт олигофрен изобщо искам говоря теб йорданка фандъкова хрисимо приспивно столицата прекрасен град полагаме усилия чудесно поръчам архитект диков градоустройствен план имаме дюнерджийници ъглите пазят терористични актове прекрасно цветан цветанов имаме обективност службите работят имаме реални данни аспект искам изразя нашата благодарност премиера координира нещата сотир цацаров притиснат асансьора гледа притеснено дам информация води разследване адвокатът волен сидеров господин сидеров атакуваните сгради изхлузена обувка натъртване лютви местан атака релевантна нашата висока толерантност апропо парадигмата цялостния терористичен дискурс бих откроил важни номинално казано елемента ноторно известно изпадам словно излишество изказването публикуваме отделно минутно място радан кънев трудно коментирам париж гейове всяко мое изказване град използва хибридната война реформаторския блок михаил миков лек блясък очите париж имало хубаво вино хубав коняк каквото случи ръководството социалистическата партия подаде оставка отстояваме идеологията докрай,1.0
дуплекс успя погледне бъдещето видя развие мачът кубрат пулев чисора полунощ началото боксовата среща бави таванът уж разкошната зала barclaycard arena хамбург протекъл вежди рашидов коментира пряко включване телефона ларгото софия тече немците справят големите пролетни дъждове титаничният сблъсък започне немският финансов министър залата проверил турникетите билетите души всъщност присъстват мач настъпва суматоха андреа видяла ринга спуска микрофон пее охраната спира певицата малка дупчица ринга токчетата боксьори излизат ринга задължителния поздрав пулев казва чисора мене другар нося цветя психологически ход изключително успешен чисора изпада ступор първият рунд върви напрегнато мъже проучват взаимно немската телевизия показва българи публиката консумират слънчогледови семки плюят шлюпките пода коментаторът подготвен обяснява стар български обичай успокояване напрежението камбанен звън известява края рунд андреа вижда ринга излиза красиво момиче табела напряга качи подиума охраната дискретно спира втория рунд случва невиждано българин публиката замерва чисора бутилка ракия коментаторът немската телевизия объркан обяснява огромното социално битово попкултурно значение напитка българия чисора отвръща предизвикателството отпива бутилката знае голямата грешка кариерата шоумен валери симеонов включва пряко ефир коментира видяхте българите чужбина излагат мотат краката стига тая демокрация началото трети рунд дадено андреа помолила главния съдия удари камбаната напрежението огромно добрите специалисти бокс забелязват леко объркване движенията чисора ракията първак оказва залата динко ямбол перата излизат ринга разярени казват чисора цвета кожата чуват викове гоу бек щабовете боксьори излизат подиума става страшно меле целия хаос динко нокаутира кубрат пулев перата поваля чисора немската телевизия отбелязва рекорд гледаемост публиката залата крака хладнокръвните немци усещат леко разтуптяване сърцата вълнение андреа използва суматохата започва пее кобрата свестил заявява камерите продължаваме чисора надига леко силите стигат каже изречение остане завинаги историята бокса искам ракия залата появяват плакати надпис barclaycard arena трибуна динко перата край прякото излъчване хамбург факти личности текст косвена връзка реалността текстът резултат авторовата фантазия въображение целта забавлява гледа усмивка актуални,1.0
дуплекс научи какви късмети паднали баницата известните личности цветан цветанов апартамент лютви местан работа охрана бойко борисов офис другата страна булеварда радан кънев силата пробужда петър москов здраве полезна храна волен сидеров екскурзия москва григор димитров ново гадже никол шерцингер младо гадже делян пеевски тегли късмет баницата реално пише коректно участва христо бисеров късмет владимир кличко империята отвръща удара владимира янева румяна ченалова диктофон сотир цацаров голям асансьор йорданка фандъкова истински архитект лили иванова расте старее михаил миков наздраве джей джей ейбрамс пари дроидът bb участие юбилея христо стоичков номер жозе моуриньо новата fifa доналд тръмп курс морфичен резонанс отворят порталите голямата политика северна корея бомба сашо дончев патрулка събужда нощем вдигне телефона папата погали главата трима премиери митничарите свиленград малка икономична кола троян кърнаре кратка зима парчетата раздели раздаде ахмед доган,1.0
ценко чоков избран пети мандат кмет село галиче ангажира зала арена армеец балотажа ноември назидателно дидактична цел искам покажа софиянци правят избори работи хора организира купон хора мяташ бараш научи репортер дуплекс вечния кмет премине речева форма изразяване акапелно пеене ангажирането залата част екскурзията софия ценко чоков организира заплаща джоба свои съселяни очаква купонът арена армеец наистина впечатляващ завърши ритуалното запалване коли паркинга залата новината поредната екскурзия хората галиче идва момент зала арена армеец получи безапелационно сертификат европейски институции бежански център категория лукс своите мащаби осветление сигурна охрана непозволяваща излезе залата впечатлила международни наблюдатели,1.0
еврозоната споразумя гърция южната съседка спешно приеме четири закона сряда юли сроковете инфарктни българските депутати заминават вечер гърция помагат изковаването законите жестът добросъседство път помрачен огромен дипломатически гаф парламентарната група дпс отказва замине атина турското кафе казват гръцко породи горещи дискусии пленарна зала цитирани известни семиотици романа умберто еко името розата депутати споделиха сурдинка знаят семиотика истината малкият проблем балканския полуостров ранния следобед заседанието парламента прекратено депутатите стегнат багажа купят бански мол очаква гърция върне жеста изпрати август хотелиери ресторантьори научат вежливост вкусна храна българските колеги черноморието,1.0
вчера вестник стандарт обяви голяма богородица август разпространява флакончета вода свещения кладенец плиска безплатната животворна вода налична единствено обектите търговска верига lafka уникалният подарък осъществява съдействието директора ним проф божидар димитров чудесна идея посрещната радушно бизнеса събота lafka появят мускалчета капки пот певеца роби уилямс вечер излиза сцената spirit of burgas информация цената уникалния артикул интернет появиха спекулации възможно богата компания плати целия масраф рекламна цел начин флаконите безплатни закупят пакет цигари книжка судоку злите езици твърдят флаконът всъщност съдържа бленд потта роби проф божидар димитров идеята покаже животът песни забава труд случая копаене археологически обекти жаркото слънце радостната бойко борисов завърнал египет откри втория суецки канал стигне черноморието пререже лентата spirit of burgas,1.0
висшия съдебен съвет всс обмисля преименуването всмс мобилните оператори планират тарифни планове семейство премиер дуплекс научи кои любимите sms премиера значи къща барселона гарсониера софия хубава свършиха хапчетата направя тигел раковска влизане натфиз някаква фирма юбер вози евтино приятно приехме григор желаните мъже българия идваме хасково прасето видим знам правят мекици kiss my dear виждал шал телената ограда турция намериш пусни sms thanks btw джипката ускорява яко кучето подари колкото храня лае косъм върна българия уредих специални надценки техномаркет купи мин съвет принтера делим внимавай оттегля подкрепата кабинета ебавам началника горе пита преместим великден седмица ангажименти заседанието синода приехме пратиш патрулка събуди фризьор опитахме уредим златна топка тоя меси заседанието приеха идеята изрових труповете плана похвалиш брюксел,1.0
сагата намирането клуб бербатов път приключи футболистът лудогорец обявиха постигнали споразумение очаква бербатов пристигне държавен хеликоптер разград медицински прегледи привличането класния футболист става драматичното отпадане лудогорец ранна фаза шампионската лига отбор пътува чужбина автобус предполага домусчиев склонил вземе скъп играч стабилизира отбора избрани патриотични медии домусчиев заяви проблем посрещна финансовите изисквания футболист такава класа знаете треньор човек обядвал жозе моуриньо говорил телефона бербатов възпитан кротък човек драска монети исторически забележителности рисува тихо вкъщи създава проблеми футболни анализатори бербатов сделка комплексен играч еднакво полезен терена пейката подадат топката ръкомаха отривисто начин вятър ефективно страни топъл климат единственото притеснява боса лудогорец бербатов обадил последно летище варна телефонът замлъкнал дано митко постъпи италианците отлети някоя посока азърбайджан молдова подпише елитен тим примерно милсами сподели домусчиев футболният инвеститор обеща бербатов вкара пет гола кръсти трибуна негово име автобусна линия разград дуплекс успя свърже димитър бербатов специалната дуплексна линия редакцията установи почивка неговите бъдещи творчески пардон футболни планове неясни,1.0
острието бсп мая манолова отказа престижния лежерен пост омбудсман неудобно получи избраха омбудсман юли следващия оказа смелата талантлива валерия велева остава работа вестник преса спира излиза сърцето сви уикенда размишлявах реших отстъпя поста върна парламента работи обясни решението мая манолова председателят парламента цецка цачева коментира сложната ситуация живота нямат право втори шанс жа мая манолова трети християнка прощавам мая манолова прощавам али агджа атентата папата държавна сигурност убийството георги марков прощавам времето задето юли горещо недобронамерени анализатори мая манолова трябвало отстъпи поста сеп блатер вчера напусна мок съвсем остане заплата фифа позитивните хора постъпката мая манолова показва високата класа нашите политици предвид отказа делян пеевски място европарламента видно политическият елит става зрял широко скроен големия обществен интерес новия омбудсман поместваме рецептата валерия велева баница пакет точени кори разстилат стари непотребни вестници труд преса изпръхнат разтопяваме пакетче масло предпочитане френско купено магазин лувъра някоя сладка командировка държавни разноски купа разбъркваме яйца кофичка кисело мляко л сода бикарбонат щипка самочувствие редим баницата печем сервираме пантофи,1.0
благодарение вътрешни източници дуплекс разбра накарало гърция клекне еврогрупата среднощен телефонен разговор фрау меркел заплашила гръцкия премиер ципрас изпрати синовете екскурзия български туроператор източниците дуплекс разкриха зловещи детайли началото телефонния разговор ципрас опитал шикалкави меркел заявила екскурзията синовете слънчев бряг място меко казано посещава цвета европейската младеж изнервената меркел готова изрече думите човек желязо ципрас отговори заученото комунист споменаването слънчев бряг сломило гръцкия премиер приел условията европа фактите развоя драмата броени часове крайния срок гърция изпрати кредиторите своя план реформи планът предвижда съкращаване разходите увеличаване данъците поискано кредиторите отхвърлено гърците национален референдум замяна реформите гърция спасителен заем следващите размер милиарда евро,1.0
дуплекс спешно социологическо проучване установи българите одобряват името дъщеричката милиардера марк зукърбърг макс кръсти себе примерно марка силни волеви мъже кръщават децата себе вижте волен сидеров момиче кръстили марк присила зукърбърг младша майка баща име макс ясно банковата сметка макс звучи обобщението реакциите българите остри изказванията тутраканската селищна система десетилетия трудни отношения сащ нейните президенти що капитализъм мани тоя зукърбърг гейтс лигав възпитан мъже изобщо седнал пише писмо бебето ходи седнали писмо пишат пише писма днешно скайп коментират хората тутраканската селищна система подозират думата скайп нанасят голям удар сърцето човека измислил фейсбук голяма част респондентите тутракан региона искаха изразят възмущението предстоящия ремонт нашите миг полша вместо русия извън фокуса изследването нямаше запишем ценните препоръки геополитически план раждането волен младши пишат двойка ученицимладите свикват животът суров ес дебне отвсякъде,1.0
изнесе среднощна телевизионна литургия екзактност маниерност лютви местан нахлул софийска духовна семинария повод акцията възмущението семинарията използва нерелевантен наратив репортер дуплекс господин местан заявил изпадам словно излишество заявя младите хора учебно заведение нужда напътствия моите ръце макар изнежени парламента познават катрана искам предам житейския синтактичен опит дозира правилно лютви местан придружен бившия министър спорта мариана георгиева българската православна църква смутена критичната ситуация семинарията очаква спешно седмици излезе декларация въпроса изрази отеческите притеснения ситуацията държавата усложнява факта михаил миков барикадирал катедра технология виното пивото пловдивския ухт нахлул снощи търси студенти сподели визията развитие бсп страната ню бояна филм студиос проявиха завиден нюх политическата ситуация обявиха снимат рекламен клип българия местан сидеров миков иначе държавата цяло освежена понеделник сутрин имало избори неделята къпане голяма част населението,1.0
нощ пикът метеорния дъжд потока персеидите очакванията падащи звезди час условията наблюдение благоприятни луната последните фази новолуние отразената светлина съвсем слаба пловдивският митрополит николай заклейми забрани небесното шоу предразполагало разврат заяви миряните сутрешната литургия намеся драстично астрономията ужасно намеси морала живота православните християни българия нощ младите хора лежат разни поляни гледат звездите бог знае правят младежи вместо изучават бога господа исуса христа училище изучават йога даже матурата пишат покваряваща гимнастика млади души нужда спасение забранявам персеидите анатема дядо николай поръси вярващите чудотворна вода плиска,1.0
изминалият дъждовен мрачен уикенд причини нерви депресия физическа болка гражданите домакиня овча купел опитала убие съпруга моливче ikea задето купил грешен шкаф объркал мерките пердето кухнята разменяйки широчината дължината научи дуплекс изобщо хаосът моловете другите големи магазини невъобразим столична огромна община въвежда ограничения посещенията подобни обекти есенно зимния период избегнат стълпотворенията хората родени четна дата посещават молове големи хипермаркети четни дати родените нечетна дата достъп обекти съответно нечетни дати непопулярната мярка взима ведри граждани готови дадат ikea наградата категория connecting people демек сближаване хората сподели дуплекс жител ихтиман зажаднял срещи хора доволен дъждовния уикенд магазина видях трима съученици отдавна софия набор казармата живее пазарджик братовчедка пловдив старо гадже перник другаде можеш видиш познати сдържаните граждани приветстваха решението столична огромна община изненадаха взето предизборна обстановка откога взеха мислят хората асфалта гнило коментираха,1.0
здравният министър петър москов продължава изненадва обществото нетрадиционни решения дуплекс научи остава редови фен арсенал вика челси челси път изпаднат властта пардон висшата лига хубаво искам подкрепя осъществиш големите идеи мечти елита сподели мотивите петър москов подаде оставка зам председател излязлата опозиция дсб предпочете остане министър злите езици припомнят премиерът фен челси начин министърът покаже лоялността петър москов пожела коментира съвпадение измъкна традиционната загадъчна усмивка ходи синкав шал сакото коментираха гневни фенове арсенал разочаровани решението министър москов,1.0
дуплекс получи флашка аудиозаписи разкриват деликатни моменти последните седмици жозе моуриньо челси файловете чуват следните думи специалния искал преспя абрамович щял преспя зорлем правя пет късно просто искам смисъл ся почему отида влизам някаква ситуация чудя стане лошо мислиш разговорът пита тактиката отбора казва моуриньо запис неидентифициран мъж казва португалския треньор види тебе разбере тебе посреднича съжалявам трети запис специалния изповядва минават минути отварям вайбъра гледам непознат номер следното съобщение вятърът силен синоптиците казват времето оправи забравяме лондон хубав град можем отидем разходим парка последния файл жозе моуриньо оплаква путин натиснал абрамович треньорът опраскан приятелчета путин дразни отбор собственик руснак представя имидж русия казал роман опраска москов остава редови фен арсенал вика челси злите езици припомнят премиерът фен именно челси,1.0
късно снощи google обяви името новата версия операционната система android marshmallow бонбон захар белтък желатин традицията следваща версия започва поредната буква английската азбука cupcake donut eclair froyo gingerbread honeycomb ice cream sandwich jelly bean kitkat настоящата lollipop дуплекс научи балканите android казва mazalo начин гигантът google покаже разбира проблемите своите потребители съчувства условията принудени живеят новият изпълнителен директор google сундар пичай написа блога израснал индия знам бедност бъркотия казано дума започва mazalo android mazalo включва специално разработена система позволяваща откраднат телефон локализиран изключен държава специфични приложения българия terminal удобният бърз достъп разписанието излитащите терминал самолети снимката горе зеленото роботче опитва оправи мазалото балканите балира проблемите подрежда акуратно,1.0
късно снощи шефът цялата история българия божидар димитров шефът православни миряни света негово светейшество вартоломей разбрали църковните ценности уж дължим гърция съборна св трапеза троянския ставропигиален манастир потопили тайнството бутилки троянска сливова изчистили проблеми научи дуплекс връщаме гърците дават задето брали маслини гледали старите баби вечерята минала дух добросъседство полунощ божидар димитров целунал челото вартоломей връчил орден стара троянска степен първак тайнството богослужебна употреба влезли пилета голям буркан кисели краставички доволен развоя събитията премиерът борисов заяви кажа цецка гости чужбина водят троянския манастир божидар посреща охладена бутилка дипломация непотвърдена информация основен коз преговорите предложението божидар димиров българия използва връзките холивуд силвестър сталоун осигури истински меч междузвездни войни вартоломей владее силата,1.0
мисията космическия телескоп кеплер потвърди открила държава подобна българия екзодържавата разлика нашата българия чудесни условия новооткритата държава наречена bulgaria better четворно голяма площ морета намира комунистически земята съзвездието дуплекс температурата българия работното име проекта близка българия сезона пролет лято есен зима баси гадното учените новооткритата държава истински условия хора фотосинтеза първите данни показват наличие електромагнитни вълни нашите далечни братовчеди живеят щастливо сутрешна телевизия джиесеми ръководетеля научните програми наса джон грънсфелд bulgaria better достатъчно кислород азот вода развилата цивилизация открила лютеницата същевременно завист предателство мързел революционно посрещнато овации целия контролната зала хюстън думите страхотното откритие потвърдено телескопите хърбел щърбел историка божидар димитров първият човек подал заявка пътуване новата държава име домусчиев споделил наса инвестира футбола новооткритата държава,1.0
отърсването първоначалния шок жителите несебър издигнаха годишния джон кери вилнял района мотокар кухненски ножове гаечен ключ кмет хората преценили английският мма боец всъщност герой човекът когото нужда техните доводи силен пази лошите созополци вампири мазетата искат вземат туристите джон кери първият ръководител региона знае английски деца кеймбридж мечтата българин срамува пътува улиците мотокар вместо скъпа позьорска кола умее хвърля бутилки алкохол зле барман черноморието борави отлично кухненски ножове домакините възторг разлика бели якички работи сантиметров стоманен гаечен ключ показа полицаите морето знаят английски опитват вразумят афектиран чужденец вълшебната реплика чакай жителите несебър изтъкват полза избирането джон кери кмет случи изгради учебна база командоси лично градоначалникът обучава означава приходи общината,1.0
американският доставчик филми телевизионни програми интернет netflix достъпен съдържание български населението знае чужди езици целта компанията започва снимките епичен сериал посветен добри джуров партизанин командир партизанска бригада чавдар член политбюро цк бкп министър народната отбрана българия видим вълнува хората усетим тяхната душевност мироглед установихме местното население добри джуров герой направим филм впечатлени пияните мъже танцуват повръщат ледените води река вторият български проект споделиха дуплекс пратеници netflix софия сигурно вероятност слоганът netflix българия netflix дойде закачка репликата петър младенов генерал добри джуров танковете дойдат произнесена декември,1.0
българия справя изграждането електронно правителство управление нормално премиерът ползва такава техника слага скута лаптоп изключен снимка телефонното управление номер случаят оградения път созопол доказа припомняме премиерът разреши въпроса обаждане кмета панайот рейзи загражденията премахнати българия реши патентова изключително ефективен метод управление нарече телефонно правителство другата седмица цялата държавна администрация трансформира голям колцентър чийто шеф супервайзър бойко борисов целта обявена голяма обществена поръчка слушалки микрофон половината млади хора софия работят колцентрове чужди компании приятен синхрон държава граждани възможности преливане кадри посоки хората попържват родината напускат очаква страната патентова uber правителство възползвайки иновативния метод бойко борисов избира здравен министър шосетата северна българия снимките долу германия северна корея звънят бойко молба ползват патента телефонно правителство photo getty images guliver photos,1.0
вчера десетки хора петричко настояваха орехови дървета отрязани предизвиквали катастрофи асфалтираният път позволявал висока скорост шофьорите излизали извън шосето удряли крайпътните орехи повод орехите цяла българия организират мълчалив протест техни особености статичен неподвижен орехите настояват глупавите хора изкоренени хората бият есен цяла никакво внимание наесен удрят пръчки стига леки тежки телесни повреди голяма част хората глупави морално всякак остарели свирка става заявиха протестна шума полицията съобщиха длъжни осигурят охрана протеста постараят покрият колкото голяма площ горските масиви сянката осигурена споделиха дежурни полицаи притеснени горещото страната,1.0
българският парламент прие резолюция отнемането наградата оскар леонардо ди каприо златната статуетка връчена играта филма завръщането актьорът цялото къмпингува незаконно дава изключително пример младите спи кон сцената мечката коментираме нека занимава сем заявиха депутатите американската филмова академия опитаха протестират парирани нашите парламентаристи думите биете пардон номинирате негрите едни хапчета шарапова стана шарапов рекламира самобръсначкибългарите доволни гришо измъкна навреме конфузната ситуация,1.0
паметникът альоша подаде документи участие изборите октомври научи дуплекс развълнувани репортерки къси поли сандалки обясни взел решение видях кои другите кандидати реших имам шансове смятат недодялан наричат твърдоглав имам своите качества виждам случва пловдив нямам нужда рекламна кампания скъпи билбордове виждат знаят въпрос хладен избирателите прекалено мълчалив альоша отговори мълчалив приказвам глупости другите кандидати моят предизборен щаб бунарджика прозрачно другите кандидати кметския пост реагираха остро новината обвиниха альоша статичност липса опит та седял стол бюро стои прав гюро михайлов никога носил отговорност шпагин носи вестта альоша възбуди възрастните хора почитатели съветския съюз сталин твърдото комунистическо управление чуват призиви годишната среща левите бузлуджа бунарджика поляната стара планина твърде голяма оредяващите редици губи гората загуба гласоподаватели,1.0
папа франциск прие кратка аудиенция благой георгиев българският футболист несправедливо обвинен хулиганство разходка колизеума заядливите карабинери снажният българин искал издълбае монета инициалите колоните световната забележителност обърнали внимание цялото тяло футболиста татуировки изобразяващи христос трети евангелието матея разумен индивид досетил свят човек извърши подобно скверно дело аудиенцията папата благодарил благой популяризира словото божие футболните запалянковци сънародникът разказал всъщност искал даде монетата бедни гръцки студенти събирали пари самолетен билет първа класа приберат родителите мъже деликатно избегнали темата покушението папа йоан павел втори засегнали щеше получи конфузна ситуация благой роден декември атентатът тоест българският футболист категорично участие инцидента аудиенцията благой георгиев благодари медиите оказаното внимание единственото притеснява херпесът появил уплах ареста,1.0
община перник готова помогне сили немския концерн volkswagen изпадна тежка криза манипулиране данните вредни емисии нейни дизелови коли сащ научи дуплекс перник страхува вредни емисии нашите хора закалени отношение културата нашия регион дълбоко закодирано схващането колкото пуши кола мощна шофьорът мъж казва официалното съобщение община перник допуснем любимият бранд загине готови предоставим свободни площи сгради региона производство коли volkswagen мъжете хилядния перник познават детайлно двигателите volkswagen golf останали компоненти автомобили фарове ауспух озвучителна система интериор отношение тунинга световен лидер казва прокламацията община перник дуплекс научи жителите града обзети еуфория организират вечер площада протест хепънинг надслов винкел американските лигавщини очевидно визират високите изисквания вредните емисии сащ,1.0
журналистът петьо блъсков призна написал последните тома съчиненията тодор живков пише хонорар част речите гръцкия премиер ципрас честа практика света нарича писател сянка знам вълнуват авторът важно написано написал заяви смелият общественик появява телевизора коментира всякакви теми тодор живков пардон тепърва имам сериозни публикации сподели журналистът допълни неговите прадядовци автори кървавото писмо рибния буквар скромност отстъпили авторството хора нашия род трудолюбиви скромни себе кажа единствено труд понякога пътят истината животът метафора нашата професия обичаме метафорите завърши изявлението петьо блъсков закопча копчетата ризата климатикът студиото градуса,1.0
вчера премиерът откри големия пътен възел българия белокопитово радостта нацията надеждите бързо пътуване кратки оказа идея мегаисторика божидар димитров преминаването съоръжението става измиване канче животворна вода свещения кладенец комплекс стара плиска идеята проф димитров някакво нелепо стечение обстоятелствата академик подобри историческата култура нацията заздрави българщината обидени искат кажат мръсни възроптаха хората лудогорието агенция пътна инфраструктура апи успокоиха измием отколкото плащаме такса подобие държави лошо измиването летния сезон черноморието стомашно чревни разтройства хигиенната процедура съобразно размера колата винетките водачите камиони мият краката тираджиите минават цялостно изкъпване обясняват апи същото неблагодарни граждани коментират ехидно трябвало логика магистрала тракия спират хората изрязване ноктите търкане петички добрата вест преминаване белокопитово автомобилите нсо запазват правото избутват колите гражданите канавката,1.0
главният прокурор отмени второ нареждане премиерата междузвездни войни българия научи дуплекс сотир цацаров обясни заглавието силата пробужда притеснява напрегнат политически момент хората гледат подобни неща филми говори бунтовници съпротива империя образ джаба поражда опасни асоциации българското общество мисля холивуд умишлено пуска епизода момент опитват дестабилизират държавата заяви цацаров асансьора любимото място даване изявления непотвърдени данни премиерът бойко борисов лети някоя съседните държави авиоотряд гледа тайно новия филм разходката прекалено скандална борда сервират тематично пуканки уиски скъпи ядки сьомга реформаторския блок подготвят тайни прожекции страната поддържа революционния дух очакват чужбина дойде пиратско копие филма,1.0
прокуратурата работи ползотворно вестникарски материали подписани псевдоним пример публикацията труд предизвика светкавична проверка министерството правосъдието заобикаляне закона обществени поръчки решено премести националната библиотека наричат навик народна начин прокуратурата спести пари абонамент достъп старата периодика запознати издавания петко славейков вестник гайда намерят материали разкриващи притеснителни факти корупция последните турското робство дунавска зора излизал браила свищов редакцията добри войников изчетен лупа голямо внимание отделено вестник щурец издаван райко алексиев периода голяма ефективност очаква част прокурорите преглеждат криминалните романи написани български автори знае откъде излезе полезно националната библиотека окаже голяма помощ разкриването престъпления българия депутатите гласуваха заплатата нейния директор лева колкото месечното възнаграждение директора бнб,1.0
работници поддръжката летище софия боядисаха нощеска самолета британския премиер дейвид камерън научи дуплекс решили грозен самолетът камерън освежили коментираха управата летището пожелаха говорят изнервени случката буса самолетът боядисан блажна боя опасно лети дейвид камерън пътува изтребителите торнадо бомбардирали вчера ислямска държава сирия тъкмо прибера вкъщи трийсе минути коментира характерния британците оптимизъм камерън говори пътьом изтребителят пусне бомби онзи квартал брюксел расте новото поколение терористи потвърдено официално член британската делегация пожелал анонимност коментира ситуацията колегите парламента предупреждаваха ходим балканите българите изпържат казваха снощи вечерята мислехме изпържването състои нестинарския танц,1.0
фифа отчете изключително тежкия жребий българия квалификациите пътя световното първенство футбол наречените лъвове попаднаха група холандия франция швеция беларус люксембург световната футболна централа взела предвид българия играла световно европейско решила допусне националния отбор големия форум програмата равни възможности дава шанс хора ментални физически затруднения интегрират обществото чувстват пълноценни фифа покаже променя организация става човечна основната цел футбола забавлява носи радост хората искаме нацията чувства нещастна преживее футболни разочарования заяви говорител фифа цюрих източници дуплекс решението предизвикало голямо брожение другите слаби отбори европа беларус македония нарекли недостатъчно православно гърция обявила квота полага силното немско лоби фифа попречило случи злите езици фифа класира отбора начин централата тече финансов бараж въпрос казано професионален жаргон даде цяло доволни световното очаква руснаците благодарение форума магазините месо тоалетна хартия,1.0
български туристически съюз бтс зачете рекорда дизела скоростно преминаване маршрута ком емине научи дуплекс причината кирил николов пробяга билото стара планина дните пълнолуние финишира часове настъпването астрономическото явление гравитацията луната силна образно казано дърпа нагоре хората земята леки неслучайно диети карат жените гладуват пълнолуние изглежда ефектът значим бтс вчерашни хващат елементарни номера доказателство тяхната зрялост разсъдливост самият сайт организацията www btsbg org дума постижението добрия планински бегач последният текст споменава името септември предвид дълголетната история организацията вчера наред сайтът приет актуален синхрон живия опита измама бтс огорчени факта кирил николов дизела член организацията плаща членски внос спал хижите частно лице организиран турист организация стреми внуши младите навсякъде ходят организирано голяма болка,1.0
дуплекс научи новият председател дпс сеп блатер известно годишният швейцарец наскоро остана работа получи забрана занимава футбол следващите осем опитът работи хора пари среда наситена корупция безценен използва ебавам казва новото слово ахмед доган разлика предишното прочетено камерна обстановка живо праймтайма български телевизии cnn euronews al jazeera вземат милиони реклами говори мишел платини трудоустроен българия работи бфс нашето футбол някакъв спорт конфликт забраната занимава любимата игра осем,1.0
дълъг уикенд леглото никол шерцингер станала видяла случва стената facebook лайка коментара снимката меченцето никога имала коментари възкликнала певицата наслада маркирала прочетено съобщението мрежата снимката плюшеното меченце is performing better than of other posts on that page красавицата попитала григор димитров означава коментара ставай правиш мекици коварната опция превод осигурена човека джапанките марк зукърбърг могла справи ясно нашето момче излязло ситуацията очевидно справило никол шерцингер планира голям концерт зала арена армеец навечерието големия празник надслов нека пишем български език социалните мрежи българска инвазия facebook профила никол шерцингерпоследният пост певицата социалната мрежа коментара български език стил дуплекс четените материали сатиричната рубрика,1.0
междуведомствена експертна комисия министерствата туризма отбраната изработи предложение престоят слънчев бряг брои казарма трудов стаж военната служба българия задължителна маргинални политици популисти призовават нейното завръщане документът идва тъкмо навреме кои приликите черноморския курорт военната повинност накарали експертите излязат оригиналното предложение висок риск наранявания летален изход лягане ставане необичайни човешкия организъм часове храна алкохол съмнително качество прекаляване алкохола бягство реалността тежки условия цяло висока влажност температура постоянен вятър неработещи климатици честа липса ток вода проблеми отходните канали близки срещи агресивни мъже чужди държави практика войната задължителната казарма завърне мъже намалят службата броя дните преживяни слънчев бряг целта пазят фактурите хотелите изписани трите имена егн жените престоят въпросния курорт брои трудов стаж утеха млади хора липса светли хоризонти живота попаднали черноморския курорт,1.0
столична община обяви поредната чудесна инициатива облагородяване модернизиране софия трамвайните релси руски паметник затревени следващата седмица теренът националния стадион сдобие трамвайни релси сериозната крачка софия кандидатурата европейска столица шока надеждите релсите българският футбол влезе правия път играта разнообрази очаква нар fear factor обземе чуждите отбори определено респектирани иновацията прекалено защитната игра коментира баналното паркираха автобуса далеч модерното спряха трамвая фюжън архитектура талантлив микс модерни архитектурни инфраструктурни транспортни решения заявиха общината същата пресконференция главният архитект софия петър диков представи ефектен проект естакада свързваща орлов мост лифтена станция бай кръстьо витоша дуплекс опитва свърже евгени минчев чуе неговия коментар относно релсите националния стадион телефонът изключен,1.0
нощ созопол обяви независимост еуфорично състояние дължащо алкохолни напитки приходите туристи управата морския град реши отдели българия статут непознат древното селище лично кметът панайот рейзи участвал монтирането оградите изключил мобилния телефон звънне бойко борисов революцията провали панайот рейзи става премиер президент малката разкошна държава допускани бедни туристи палатки хитреци кемпери искат спят безплатно морето роденият созопол супер историк божидар димитров министър културата българщината отговарящ созополците чужбина снощи започнал археологически разкопки новосъздадената държава открил вампира четири мумии джапанки произведени несъществуващата държава гдр веднъж доказва созопол възникнал древен египет погребението мумиите ритуално край казан ракия грандиозно откритие показващо ракията измислена созопол христа наблюдатели определят ситуацията созопол панайот крейзи кореспондентът дуплекс изчаква издадена виза следи събитията отблизо,1.0
продажбите компютри лаптопи таблети българия спрени регистрационните табели интернет държавата привършване научи дуплекс ситуацията абсурдна направо бесни явно държавната администрация гледа работата свършиха табелите колите интернет жътвата коледа продаваме компютри споделиха асоциацията магазините битова електроника връзка зачестилите обаждания страна медии граждани кат излезе специална декларация въпроса кат уведомява общо раздаването табели интернет справяме нашата тежка отговорна работа остава чуждата иначе философията интернета допада колкото плащаш голяма скорост разрешават импонира приветстваме подобна концепция съжаление нямаме ресурси поемем регулация,1.0
рейтинговата агенция standard poor s s p обяви българия poor бедна никакъв standard стандарт понижаваме перспективата българия негативна окончателно отчайваща известна специалистите оо обявиха агенцията взехме предвид процеси парламента правителството футбола местен европейско ниво отчетохме хигиената храната морето състоянието чинията бузлуджа разлистихме вестника разходихме софийски тротоара разбрахме хората ходят улиците напишем доклада повод оптимизъм открихме единствено спазвания стандарт стара планина кебапчетата умерен прогрес телешката сушеница отрази макроикономическо ниво сподели говорител standard poor s наблюдатели означава s p понижи настоящия кредитен рейтинг страната aa бърка батериите юя,1.0
гражданин афинитет алкохола висок средния критично психично състояние болница русе научи дуплекс сутринта закупил кварталния магазин бутилка водка осмисли деня ужас установил минерална вода припадналия мъж направена промивка стомаха водка капки лимон спешното отделение настанен психодиспансера възстановяване случаят тежък доказва правилото природата търговската мрежа губи годишно дете пи водка закупена бутилка минерална водабутилката закупена майката детето магазин русе,1.0
столична община реши откликне тенденциите зададени живия обяви софия построен мол оръжия дуплекс научи продава всякакво стрелково оръжие включително рпг молът околовръстното разполага голям терен тренировки очевидно стрелковата подготовка населението каталогът новите модели оръжия закачва найлонова торбичка вратите домовете правят големите вериги мебелни магазини новият мол сключи договор арена армеец последен уикенд месеца провеждат учебни игри взимане големи групи заложници гражданите обучавани дават първа помощ включително лечение изхлузена обувка нараняване известно медицинската литература синдромът сидеров учебната игра парти гост диджей кметът галиче ценко чоков разкош очаква следващите избори йорданка фандъкова избрана кмет гласовете,1.0
медиите гърция тържествено обявиха бербатов играе солунския паок истината футболистът подписал министерство икономиката консултант божидар лукарски цените горивата научи дуплекс знаете вчера министър лукарски важен принос икономическата наука обясни българия едни скъпите горива ес собствен добив петрол лукарски държавата меси пазара гориватаминистърът посочи подобни очаквания хора връщат леко мисленето трансферът бербатов футбола политиката логичен своите играчът извън високото ниво спорта единствено българската политика предложи игри заплащане световно ниво заплатата бонусите бербатов секретни никого тайна футболистът разбира горива министър лукарски благоевградчанинът карал всякакви автомобили мощни германия англия франция поглед цените качествата дизела бензина европа бившият национал манчестър конкурентният отбор ман сити собственост петролни шейхове многократно опитвали привлекат митко тайните срещи футболистът научил добива петрол очаква зимния трансферен прозорец бербатов лобира държавната администрация привличането вратаря давид де хеа чийто трансфер ман юнайтед реал пропадна последните минути вратарят отговаря хващането мигрантите нашата граница,1.0
свое заседание управителният съвет uber забрани българия съществува държава споделено живуркане половината граждани имитират труд плащат данъци документа българия спре работи отговори изискванията европа хигиена баня веднъж естетика мъжете маникюр малкото пръстче анцуг улиците работа безопасност колите минавали технически преглед гумите годишни uber сезирал кзк комисията защита космополитността регулаторният орган грижи държави изостават цивилизования свят подадената жалба българия извършва нелоялна конкуренция сектора нелепост северна корея беларус куба мимикрирайки уж нормална държава ес,1.0
екшън героите силвестър сталоун джейсън стейтъм поемат охраната южната граница понеделник сутринта холивудски звезди участват представения наскоро рекламен клип българия притеснени инцидента загиналия мигрант рекламираме българия стават инциденти рекламният клип отиде бадева шварценегер смее рекламираме калпава стока никакъв случай летим българия поемаме охраната границата бандерас помогне доснима филм дойде късно заявиха слай стейтъм репортер дуплекс новината посрещната радушно българите уморените премръзнали полицаи границата приберат вкъщи автограф кумирите единствено волен сидеров десислав чуколов ядосани дадена възможност посрещат мигрантския поток заявиха обходна двойка някакви холивудски лигльовци,1.0
късно снощи apple представи специално събитие сан франциско новите iphone s iphone s plus приемането поръчки сащ започва септември премиерата магазините септември българия поръчките новите телефони започнаха снощи последните часове емблематичната историята дата септември научи дуплекс iphone s предлага лева двегодишен договор публикуване новия сайт валерия велева пръв поглед айфонът скъп всъщност пари коментираха ентусиасти припомниха публикуването рекламен репортаж сайта гранддамата българската журналистика струва лв рекламен анализ коментар лв офертата страхотна публикувам сайта снимки репортажи морето правенето лютеница село първото изакване детето гърне прекрасна платформа споделяне разказа дуплекс млад активен човек тръгнал банката изтегли кредит телефона iphone s plus струва лева договор сайта следващите парламентарни избори мая манолова отказа поста омбудсман валерия велеване нормално журналист стои работа,1.0
вълчицата лупи благоевград избра свободата възможностите развитите западни държави предлагат животното получило статут бежанец берлинската зоологическа градина чувства нахранено разлика българия знам капитализма човек човека вълк определено третират вълците наравно хората заяви месечната вълчица телефонно интервю дуплекс лупи избяга клетката зоологическата градина благоевград наслади неумението отговорни органи заловят оставяха отключената клетка храна привлекат вълчицата изяждаше нощем храната тръгваше подготви дългия труден път берлин централата volkswagen съобщиха веднага осиновяват вълчицата поемат разноски голям бюджет кризисни ситуации изхарчат,1.0
годишният вълчо вълчев вълчедръм стана последният месоядец изкачил връх мусала предисторията крайъгълно постижение родния туризъм месоядците българия разгневиха медиите обръщат внимание първия веган изкачил хилядника манаслу веган крака имаме крака възмути месоядното общество срещаме трудности планината никъде хижите виенски шницел никъде непал алпите мусака нашите изкачвания планината изпитания духа тялото ядосаха месоядците решиха направят масово изкачване връх мусала привлекат вниманието сутрешните тв блокове масовото изкачване последен възпълничкият вълчо вълчев вълчедръм изкачването важно българия личен план вълчо реши изпита волята атаката върха захрани обилно свинска вратна пържола телешки шол пилешко вретено исках покажа нахранените хора изкачват върхове нужно изнервен гладуване припкаш нагоре чукарите заяви дискретни оригвания вълчо отпразнува изкачването червено вино дивечова луканка,1.0
военната техника вечер тръгна магистрала хемус участва учение шабла минала пътен възел белокопитово следите губят научи дуплекс резултат северна българия временно армия пукването зората районът огледан дронове предоставени частни фирми добрата вест хеликоптерът нашата армия намира южната част страната изправност впусне издирва колегите точният час излитане стана ясен пилотът вдига телефона легнал гледа филм компютъра слушалки чува съобщи репортер дуплекс изгубването половината армия навечерието голяма богородица предизвика паника набожните хора считат лошо знамение лошият сценарий заблудената военна колона попадне тъмната част денонощието плевенското село коиловци местните пребиха френски командоси генералният щаб армията голям шок рано бойко борисов накара плановете пътуват магистралата предизвикат задръстване лично премиерът заповяда колоната тръгне късен час горчиво съжаляват вероятност българската армия придвижва занапред светло надежда колоната отбила плиска облее техниката животворната вода наскоро оказа съдържа половината менделеева таблица антикорозионно действие,1.0
заредиха драматични благодатни откъм медийно отразяване неделя кървава супер луна понеделник воден марс очакване пълнозърнеста венера мюсли дотогава volkswagen намери решение проблема милиона дизела немският автомобилен производител обяви изпраща автомобили манипулиращ софтуер червената планета пърпорят отделят воля емисии създадат нужната развитие цивилизация атмосфера посрещнато радушно кзк комисията защита космоса обвини марс нелоялна конкуренция земята същевременно български ежедневник обяви съботният брой излезе шишенце вода червената планета газетата пространна научна студия елитен историк обяснява вода свещена изконно българска събития напрегнаха обществото казуса водата марс изказал авторитетният компетентен орган българската православна църква,1.0
дуплекс научи какви резултатите петорната техническа експертиза кабинковия лифт витоша оказва лифтът перфектно състояние кабинките редовно поръсвани захар уроки случи инцидент падането годишното дете виновни родителите безразсъдно ваксинирали турски ваксини известно образовани хора турция значи злокобно води страшни последици родителите детето проявили подсъдна небрежност линия карали учи наизуст история славянобългарска чели жълтата гостенка смирненски възпитавали някакви лековати забавни книжки грам класова борба детето израснало нужната доза българщина властите съобщават симеоновският лифт работи нормално предложили авторите евродоклада напредъка българия областта правосъдието вътрешния ред повозят лифта видят красива природа,1.0
сутрин руската тенисистка мария шарапова събудила установила шарапов научи дуплекс трансформацията дължи многото хапчета спортистката пардон спортистът пие начин шарапов влиза модерния напоследък тренд присъединиха братя сестри уашовски мъже стават жени жени стават мъже хубавото шарапов връща мача спонсорските договори фирми побързаха откажат подпише известна фирма самобръсначки доволни българите григор димитров навреме измъкна неловката ситуация събуди шарапов очаква бум българско творчество facebook страницата никол шерцингер нацията изрази възхищението потенциалната снаха покани пореден път прасе лютеница местни ритуали братя уашовски сестри лили ланаи анди смени пола стана жена шерцингер възхитена интереса българите планира концерт арена армеец навечерието големия празник възхвала българския език,1.0
раждането волен младши ученици българските училища получат двойка научи дуплекс знаем раждането симеон іі министърът просвещението повишава единица оценките учениците твърде сладникав жест символизира фалша паркетния блясък монархията времената намираме тежък сякаш безкраен преход затормозяван допълнително световна финансова криза младите свикват суровите шамари съдбата получаването двойка синхрон епохата твърдата мъжка политика партия атака празничният жест министерството образованието науката съгласуван бащата политик приветствал решението научи дуплекс обсъждани варианти отпразнуване раждането забранени пътуванията деца вражеския ес попиват пошлата загниваща западна култура екскурзиите съветския съюз пардон русия дотирани бюджета правителството решило твърде скъпо вариант одобрен,1.0
стотици библиотекарки цялата страна блокират центъра софия протестират електрическите книги цялостната реформа сектор четене очаква иначе възпитаните хрисими жени смачкат ритуално таблета електронен четец книги устройствата застрашават тяхната професия синдикатът библиотекарите братя карамазови настоява трудът хората библиотеките признат полицейския работим голям стрес момент мазилката таван срути миризмата некъпани възрастни хора читалнята невероятно изпитание заявяват библиотекарките можем допълваме доходите рушвети работим малки деца пенсионери черпят кафе хотдог кварталните заведения носим униформи представители силово министерство трудът признат първа категория пристъпим сериозни действия запалване клетката мобилен оператор грозни антени излъчват интернет смартфоните хората съвсем спряха четат хартиени книги казва декларацията синдиката шествието довечера присъедини йоло денев,1.0
натоварената програма премиерът бойко борисов поеме мачовете григор димитров купа дейвис научи дуплекс известно добрият тенисист григор бойко отказа играе унгария купа дейвис породи напрежение обществото напрегнато предстоящата кампания правене зимнина изчезналата вълчица наближаващите избори добрата бойко борисов форма наскоро спечели тенис турнир широко отразен подкрепен медии пресконференциите свързани купа дейвис преводач премиера евродепутатът ева паунова чиято звезда избухна свръхнова стана ясно знае немски ангела меркел ясно случи мачовете купа дейвис съвпаднат футболните ангажименти премиера,1.0
премиерът бойко борисов известен творческите кадрови решения смела стъпка модернизиране държавата назначи бизнесмена ветко арабаджиев отговорник съдебната реформа впечатлен изкорени вишните японския човек работи замах изкоренява старите порядки хора трябват решителни въпрос крехки репортерки стане глобата лева кметът столичния квартал лозенец наложи хотелиера изкоренените японски дървета борисов отговори никакво замисляне феновете лудогорец платиха моя полет хеликоптера еврокомисарите плюс евродепутатите съберат пари платят нали искат съдебна реформа душата извадиха айде видя финансова воля доказах имаме политическа воля,1.0
