pres der boa vind esfaque petist presídi hom esfaqu bolsonar é espanc presídi quas morr hom esfaqu bolsonar dur campanh tard últ quint feir é brut espanc cheg presídi segund inform adeli bisp oliv brut espanc outr detent centr remanej sistem pris ceresp gamel bel horizont mg detent diss ter dad surr hom mand deu hom esfaqu candidat presid jair bolsonar psl adeli bisp oliv indici lei seguranç nacion segund políci feder pen tip crim é reclus ano pod ser aument dobr fat result les corpor grav tripl result mort,1.0
milit tent assassin jair bolsonar dia hosped juiz pous além diss encontr junt crimin extrat transfer feit hoj cont val r mil real hor pf rastr orig dess dinh dev acess possu comput sistem banc tud indic jair bolsonar desmont estrut organiz esquerd ant ele pod lev boa part cade depend ramific dess atent afinal é qualqu grup polít pod disp mil real cash hoj dia,1.0
car ganh mil real pra mat bolsonar segund intelig interrogatóri tod direit respeit pres est extrat banc transfer feit dia hj cont val mil real segur homicídi graç deu acontec lix petist receb r mat presid bolsonar pt pag,1.0
lembr joã amoêd mantev isent turn neg defend brasil pt agor vej pos nov apoi fim lav jat surpres nov é nov ger filho psdb pt amoed é lul banh tom cach discípul sor ent parec nad mud tud sop letr apur fat circunst pov pag mal serviç,1.0
robert mott fund part nov junt joã amoêd ped tod iri vot amoêd decl agor apoi vot bolsonar é ter respons brasil,1.0
inform tod joã amoêd part nov candidat presid emit inform desist candidat elei vot bolsonar eleit prim turn acab vez pt bel ato amoêd,1.0
ach arthurn net sim mariz netofilh ente,1.0
lulafdp perd net crianç net prim marid maris luil ináci ladr net,1.0
lulafdp perd net crianç net prim marid maris luil ináci ladr net,1.0
esclarec net maris marid car net outr roub afff,1.0
cois fei princip assessor haddad abandon plen campanh turn segund ouv haddad fal cl presid pt celul log após retorn miss santu aparec diss haddad gleys quer brasil dan lid evangél fod quer é livr pel ness consegu for livr mor process polic feder log log est port assessor mand alert seguranç candidat psl expor diss ter ouv rum atent contr vid nov vot nel haddad regr democrá dev ser respeit pergunt haddad diss cheg ser desol jog toalh result turn diferenç milhã vot própri diss é imposs revert precis mant otim desastr pt ser mai brasil reg nord compartilh,1.0
bolsonar acab aposentad espec profes torn obrigatór cont pont saib compartilh projet expost sit estad aposentad integr apen profes cumpr mín ano sal aul vai cas alcanç idad mín ano govern jair bolsonar psl cri projet reform previd prát acab aposentad espec profes regr atual docent aposent cinc ano menos contribu previd relaç demal trabalh é form minim enorm desg exercíci dess profiss agor projet expost sit estad profes cumpr mín ano sal aul ter direit aposentad integr pod ir cas part idad mín ano é aposentad ano é aposentad part dess idad pod cheg vot enquet final matér dig é contr favor dess reform,1.0
bolsonar autoriz execuç dív glob r milhã impost soneg presid jair bolsonar acion receit feder inici mei justiç feder execuç dív tv glob refer impost soneg desd val cheg r milhã emis dia efetu pag sob pen ter bem penhor pag dív ato public diári ofic uni nest terç feir dia receit feder conclu glob usou onz empr paraís fiscal soneg impost compr direit transmiss cop mund darf ser recolh emis joã robert mar doi irm é r milhã,1.0
mit log políci feder descobr bolsonar r milhã cont suíç decepç elei bolsonar políci feder descobr cont secret suíç presid eleit jair bolsonar set ano bolsonar receb us milhã contrat ileg empr lav dinh desvi rep obr g inform jorn nacion bolsonar receb us milhã cont exteri inform é justiç suíç bloqu cont suspe dinh propin cont banc credit lyonn abert bolsonar mulh michell bolsonar març cont receb us milhã justiç suíç investig desd esquem pag propin funcion públic multinac alstom troc privilégi assinat contrat,1.0
interess poss hoj hs glob new jair bolsonar vai ser entrevist doz repórt glob vam repass red glob inform dev ter dar tant ibop bolsonar rep,1.0
interess poss hoj hs glob new tv assinat net é jair bolsonar vai ser entrevist doz repórt glob côr vai com dá desc vai rach vam repass interess assist red glob inform dev vam divulg,1.0
alert brasíl reun cúpul exércit brasil presid jair bolsonar determin pront tod forç arm país govern americ satélit americ confirm govern brasil míssel s sim fronteir brasil confirm diss hoj manhã sit especi assunt milit defesanet sab dess situ determin seguint açõ reun ministr monitor temp real situ fronteir venezuel brasil part amanhã dia fever manhã cas comboi atac lembr comboi venezuel exércit mand fronteir hom infant artilh pes inclu artilh ant aére mar reun determin mar irá aquartel fuzil naval mesm dev ser embarc goiân sáb doming cas comboi atac artilh defês aére determin envi amanhã sistem defês aére pants s ir proteg cidad manau tod cidad rondôn rora envi veícul total send manau rondôn cidad defin rest fic rora precauç cml cm veícul envi sul sud país cas ataqu cas venezuel ataqu brasil adot med emerg convoc imediat mil reserv convoc políci milit prova sud cerc mil hom apoi operac stand by decret est guerr declar guerr venezuel ataqu cirúrg instal estratég país compr emerg arm licit através decret presid prior envi combust supr nort país através estatal tal petrobr decret fech espaç aére reg nort centr oest tud discut port fech send trat gabinet cris,1.0
fac bolsonar divulg escândal tod mund suspeit talv expliqu ra jornal jorg kajuru ter declar seguint fras pesso soub acontec juiz fic enoj muit brasil fic choc trist ter vist candidat presid naçã ser esfaque fri mei mult dur campanh dev expost abaix é notíc prim mão send investig rádi jorn tod brasil algum estrang especific cnn el país red bbc londr dev sair míd brev assim prov colh confirm fat fat comprov jair bolsonar forj atent contr si ganh coraçã elei indecis individu envolv avis dia setembr dia ant independ brasil ger comoç reun envolv gener vill boa únic vez vic presidenci legend comparec reun ant campanh própri jair bolsonar sra janaín pascho sr térci arnaud tomaz assessor parlament sr gustav bebbi presid part psl médic seguranç envolv atu candidat permanec isol trein encenen quart concentr lobby hotel princípi contrari médic seguranç recus forj cirurg troc carg minist saúd defês aceit vei através pag total prêmi rs cad envolv atu bônu rs tod seguranç carreg médic fotógraf repórt outr integr atu total rs vint trê milhã real através caix psl obt através empr jb além diss indivídu aceit faz part fals atent psl próx ano regal receb prêmi através carg outr mim salári bas tet ministr stf assim bolsonar recus encen obrig lideranç part atras encenen diz bolsonar bem prim notíc divulg centr imprens log alter prognós problem estomac situ resolv coleg janaín pascho presid part ameaç cont tud inclusiv val destin suborn chanc ganh ele prim turn comoç nacion assim combin bolsonar esfaque dur discurs ger clímax porém apat abat sobr elei emocion fez adelm absolut particip dest negoci esfaque falh simpl seguranç dentr colet proteç deu temp estour simul sang famíl ustr amig presidenci psl memór coronel brilh ustr aplaud colabor equip encen vez troux comoç nacion equilíbri disput jair bolsonar pass ser vist ser human popul vez pont pesquis dispar moment alt tax reje jamal registr naquel país agrav debat seguint falt argument discurs vazi candidat garant sr flávi bolsonar através pai caminh facilit eleic govern rio gentil pass mens mai númer possível pesso tod poss conhec suj rond ele desd agradeç abraç gunth schweitz dire jorn agênc reut,1.0
gost propost bolsonar cobr impost salári mín volt real jan mass,1.0
ganh salári mín vai pag impost rend,1.0
bolsonar qu cobr impost rend pobr qu cobr r mens ganh salari min,1.0
plan impost rend bolsonar ganh salári mín vai pag vc ganh vai fic bom,1.0
precis ler text by jair bolsonar mazel vão dur muit ano infeliz brasil aparelh soci comun base pil sustent doutrin univers distribu ajud pobr vez dar empreg dign imprens verb dinh corrupç part ganh acab pt tir pens cabeç agor pt caíd sim long deix ser ameaç pergunt porqu pi candidat part envolv pescoç corrupç cuj princip líd tod cade receb milhã vot respost é simpl conquist presid pt vari aind domin tud lev lá ganh ele presid máquin tod podr compromet irá deix govern faz reform país precis apoi vc irã sabot desd prim dia tod mudanç áre econôm anunci sistem tent prejudic pobr retir direit trabalh pov inform fat narr cuidados constru intelect univers volt assunt sobr ond instal inimig desentoc lo acab divis país acab divid comemor vitór gigantesc perc noç real começ jair messias bolsonar,1.0
pessoal revist americ tim inclu jair messias bolsonar concorr personal ano infeliz petralh descobr ant apen ye vam vir jog é simpl cliqu aqu href http discov apest med beceacc dat saferedirecturl http www googl url q http discov apest med aparec imag prim candidat vá pass apert set direit aparec imag bolsonar pront cliqu ye vc vot presid ai é repass post grup whatsapp facebook twitt vir aconteç brasil acim tud deu acim tod,1.0
govern bolsonar zer prim vez histór fil program bols famíl míd mostr govern bolsonar acab fraud zer fil bols famíl,1.0
guilherm boul mtst é pres pm desocup violent zon lest sp aleg pm particip boul protest anteri influenc pris revel ato polít,1.0
ótim notíc boul pres,1.0
guilherm boul líd mtst é pres paul coorden mov trabalh tet mtst guilherm boul pres manhã hoj paul inform confirm exam secret seguranç públic paul det enquant acompanh reintegr poss ocup mat zon lest paul nest moment boul prest depo ª dp mat boul é acus desobedi civil incit viol particip ataqu roj contr pm,1.0
acab dar agor odisse fm brig milit serafin corrê aprend urn eletrôn carr thiag feronat dess urn preench vot haddad menos rep urgent é golp contr bolsonar crim contr segu b,1.0
cheir aço ar crápul manobr afast carm lúc presid stf próx feir tem dev viaj cúpul amér carmén assum presid repúbl provis tem retorn sáb seman seguint carmén stf assum presid supr é dia tofoll carmén vot contr pris segund inst empat x ness cas empat conden pres coloc liberdad lul muit outr marc auréli adi vot daqu dia cair feir carmén est imped vot infeliz vagabund consegu transform país alg pi compartilh máx,1.0
olá pessoal é renat tama aqu paul olh inform import ser viral red soc whatsapp negóci é seguint dia vot agor segund turn dia digit lá der vot nul aparec fotograf bolsonar der fot haddad lug apert tecl verd confirm vot hipótes algum dirij mes peç dar com com vot reinici est segund turn govern vot nov govern segu presid nov faç quant vez necess dad bolsonar apareç cl fotograf tud vam cair esparrel armadilh pessoal tá arm aí fraud urn,1.0
olh milhã vot anul caus dess peg mal ent olh viv prest atenç digit deu lá vot nul confirm últ cas divers tent persist err cham políci cham fiscal part cham represent justiç eleitor últ cas consegu vot jeit nenhum caus dess err peç exij impugn daquel urn porqu tá fraud é benefici lad lá abraç,1.0
list comun econom liberal rodrig constantin acab ser bloque dia facebook porqu public list petist apo ded foment verd golp comun país pod fal dia seg aqu list alcion andré sing barb ganc beth carvalh camil pitang carl brown chic buarqu chic cés chic pinh cristi lôb delfim nett dinh our pret emir sad fábi kond comparat felip sant cruz fernand torr fern moral fre bett gilbert gil gregori duvivi guilherm boul jô so josé abr juc kfour kennedy alenc laert cout leandr karn leonard attuch leonard boff leonard sakamot letíc sabatell luí carl bress per luil fern veriss luil nassif luiz carl barret luiz gonzag belluzz luiz traj magazin luiz marcel adnet marci franç mar rit kehl mariet sever marilen chau mári sérgi cortell min cart mir leit osm pr pabl vill paul bett paul henriqu amorim paul nogu batist jr pedr bial pret gil reinald azeved renat janin rib serg groisman tic sant cruz tonic per vivian mosé vladim safatl xic sá wagn mour compr nad assist program lei colun compr livr vão peç teatr compr cd precis sab impun atent contr democrac viv cust capit difund comun soci é mín falt carat esqueç compartilh,1.0
ministr dam cancel pag anisti fhc lul chic buarqu gilbert gil farr acab,1.0
defend sociedad patriarc é defend é defend sociedad cl porqu destró famíl patriarc destró propriedad destró própr sociedad cl remont anális engel histór orig sociedad est propriedad famíl aí destró constró anarqu anarqu vai invad enfrent ord tabu sociedad incest aí constró discuss part famíl patriarc elimin famíl patriarc construím sociedad incest pens porqu demor entend pens discuss é tabu univers é tabu incest constru anarqu destru ord vou destru tabu univers human é tabu incest vou constru concepç ideolog gêner promov diálog fundament articul grand med eduard cunh,1.0
crimin internac vier deix dinh campanh haddad tard setembr equip receit feder viracop campin apreend milho dol malet louil vitton vind bag acompanh teodorín obiang filh dit guiné equator acredit quant apreend campanh hadad,1.0
vic presid guiné equator pres tent entr brasil milhã dól dinh coincid é país lul perdo dív bilionár vár obr bilionár feit dinh bnd coincid troux fortun plen époc eleitor,1.0
ent presid lul anunci perd dív guiné bissau brasil val us milhã sext feir políci feder apreend aeroport campin cerc us milhã dól aproximad r milhã joi relógi lux vic presid guiné equator teodor nguem obiang vei brasil miss ofic val objet precios mal autoridad afric junt passag recus dur quatr hor mostr transport políci feder receit feder aleg imun diplomá pf instaur inquérit apur cas precis inquérit lig fat dinh cert entreg pt campanh haddad,1.0
not ofic pessoal aqu fal é eduard bolsonar candidat deput feder é rec rápid peç tod compartilh máx pesso grup compartilh espec grup tod possível contat míd soc amanhã dia dia ele compareç seç camiset apoi jair bolsonar pessoal tod ano ele nunc admit tip manifest silenci é consider boc urn pod ser consider crim estranh his pod ir vot camiset candidat cheir golp anul vot ent amanhã compareç camiset apoi candidat jair bolsonar vam ir amarel camiset brasil favor vam desconfi tud cheir golp tse contr vitór prim turn bolsonar pod anul vot anul perd prim turn ok portant deix us camis apoi bolsonar após celebr fé esperanç amanhã melhor tod am famíl pátr am brasíl amanhã urn brasil acim tud deu acim tod,1.0
equip trans govern bolsonar açã descobr carret bi tr tod ades bnd abandon par empr eik batist dinh pov jog lix através esquem pt bnd inacredit cemitéri caminh bi tr vej víde,1.0
constanç rezend jorn est paul diz quer arruin vid flávi bolsonar busc impeachment presid jair bolsonar é filh chic otavi profiss jorn glob tv glob glob estad quer derrub govern chantag desinform vaz,1.0
ex sen clési andrad don ibop presid cnt é verd motiv lul aparec lug pesquis cnt mda explic tant pesquis fraudulent sen clési andrad don ibop aind saf conden lav jat mens tucan,1.0
bom dia tod integr grup happy hour reacion aqu fal coronel carl alv coronel engenh milit oriund arm artilh turm cadet gener mour ilustr amig notíc coloq agor verdad acab bast fal aqu particul quer amig mart mart serrat pront ombr demal amig demal coleg fard irm junt brasíl cerc supr tribun feder prend canalh tod inoc curitib deix sair dal cerc presídi cerc supr tribun feder exig cabeç gilm mend daquel cord exig impeachment pessoal instaur imediat tribun milit instaur imediat tribun milit pod divulg áudi,1.0
fals padr det visit lul ninguém aind explic qual verd intenç fals padr entr visit lul rub miguel silv ano pres anteri traf agred doi ofic reserv frent club milit registr apen vint quatr viag internac cub venezuel conform relat agent rub cheg traj roup padr apresent auxili bisp primaz brasil lev mão envelop lacr sel segund rub sel papal envelop pass scann cont apen papel hav sistem visit pré agend nom agent após identific permit entr é prax chec cidad assim descobr sujeit fich long cabel rapunzel prend imediat correi paran,1.0
pessoal aqu est tocantim marg br fazend bonit imens fazend invern extens br zer bal acost maravilh tud nov olh acost asfalt acost cascalh zer bal tud bonit fazend real cham atenç cert terr boa cult quant tud ok maravilh pur par aqu faz almoc porqu fic tod mund pelej pra vid dinh pra com restaurant ent gent carreg panel faz embaix chuv co arroz pur batat gent jog estômag aí outr lad olh prest atenç porqu gost fazend olh past bem form invern extens é fazend real cham atenç outr lad aqu ó ler plac aqu vou deix ver pouq outr lad vou ergu celul pra ver mant gad bonit aí gost prest atenç ness plac olh lei direit aí fiq indign é é trat elefant é larápi,1.0
ser candidat filh sérgi cabr mud sobrenom agor é marc antôni tir cabr nom cham atenç pass pesso minut vai espalh red soc faç part divulg agor vai,1.0
filh ex govern sérgi cabr tir cabr nom campanh eleitor agor é marc antôni filh ex govern é deput estad começ campanh agor é marc antôni,1.0
lul lanç filh nov candidat pt concorr presid repúbl lul ex presid lul pres corrupç imped particip ele lei fich limp decid suces filh fábi luí lul silv lul ano idad lul é filh velh ex presid lul trabalh zel zoológ ganh pouc r mê lá pra cá patrimôni vem aument cheg cas r milhã segund jorn folh s paul é investig oper lav jat políci feder receb r milhã propin oper telefon oi compartilh agor,1.0
fresc freix cham gabinet mãe mariel convers pens alg sobr assassinat cheg lá deput hipócrit acompanh advog namor mariel obje faz famíl reconhec uni est namor direit benefíci deix mariel mãe fic revolt romp diz mor junt mor vir públic deput hipócrit,1.0
ministr luiz fux defer cautel provisór ped presid eleit suspens financ anisti ditad faz sent mant financ tod economic bem vid declar ministr respeit defer am jan fech torn fhc gil caet mariet sever chic dentr outr cerc dua mil pesso receb crédit dinh vá real precis notíc boa inform by paul ces magdalen,1.0
garot resist vend virgindad ajud pag dív campanh pt jov milit ano diz resist segund virgem leilo virgindad red soc ajud vaqu onlin feit pt pag div campanh á presid haddad tod direit ajud fiz campanh graç pra bolsonar ninguém reclam ninguém quis dar dou diss jov identific apen talesc talesc inici leilã virgindad val mil segund jov tod dinh irá vaqu onlin ajud pt,1.0
glob admit viv manifest pro bolsonar é mai histór,1.0
glob admit viv manifest pro bolsonar é mai histór,1.0
glob admit viv manifest pro bolsonar é mai histór mai manifest,1.0
red glob diret confid sec pres rio jan outubr conselh dire red glob reun extraordinár faz sab integr apresent segu dire empr di moment moment polít enfrent pres dire destin únic exclusiv dire send permit qualqu excepcional dire i atu tod plataform opin apresent public ii intensific divulg conflit atrit campanh cir haddad iii imped qualqu menç posi campanh pt foment junt influenc digit dissemin mater contenh caracterís verdad v temp send conclu negoci diret bolsonar filh dev prepar forç sens junt públic candidat é melhor país,1.0
gent sab inter glob é apes diss duvid dess document ach verd amig jornal acab confirm jornal dentr ach absurd mand amig encaminh outr ont cheg celul sab é verdad send é comprov document quant empr trabalh contr inter brasil quant escrot,1.0
vaz document confid glob artimanh cl apavor haddad,1.0
cai red document pod prov arm glob bolsonar contr pt,1.0
bols gay govern pag salári mín r aposentad homossex invalid segund sit glob acord projet decret legisl govern feder anunci fim mê cri bols salári mín mens r inic tod travestil transex capit brasil volt estud matricul curs técn pronatec inici é inédit brasil amér sul cust cerc r milhã cofr públic val é vez mai orç própri govern feder açõ volt públic lgbt ano pass govern aprov aposentad compulsór invalid tod gay lésb transex quebr vez previd soc govern começ cobr impost igrej tod territóri brasil,1.0
coit haddad pobr humild relógi mei milhã real carr milhã real sent pel é ser pobr portant vai salv pobr brasil corrupç junt sarney coll renan calh muit outr golp corrupt rsrsrsrsr kkkkkkkk,1.0
haddad melanc comun and ferrar,1.0
gent candidat tão humild simpl ferrar faz entrev kkkkkk acord pov pq aind é presid depend mim nunc,1.0
haddad cheg aeroport congonh ferrar r é dit né capit pra mim soci pra vc,1.0
é bom twitt é ter pouc paci vasculh vc ach cad cois fern haddad haddad_fern revoluç acontec venezuel é dúv conqu dev ser exempl tod pais parabém madur junt out,1.0
olh fraud vot urn vot pro haddad compartilh urgent,1.0
alguém explic oqu acontec ness extrat eleitor vot pra haddad elei sint cheir fraud,1.0
alguém pod explic seç vot apur bolsonar vot haddad vot fraud viu amig,1.0
repass boletim urn apt vot urn haddad vot bolsonar nenhum vot absurd,1.0
urn eleitot vot pro haddad pod fraudena,1.0
indult disfarç solt lul mai ladr histór mund voc sab indult tir lul cade process acab é said natal inform poi é sup import tod lut fim corrupç brasil pod deix apoi ministr fux stf nest moment ped vist retir vot pratic aprov demal ministr stf aí pov brasil ministr fux devolv process próx ano tem indult lo bolsonar afirm govern indult existir espalh mens apoi ministr fux sofr grand press concord repass stf provoc pra sab ond indiferenç pov brasil aguent faz part faç ajud acab impun país rep rep rep,1.0
alckmin diz psdb desembarc explic utiliz aparelh film mib govern paul gerald alckmin assegur nest terç assum presid psdb previst part desembarc govern michel tem ach nenhum ra continu govern é hoj pens assim reform vão continu acrescent entrev jornal josé luiz daten rádi bandeir escolh ser presid nacion psdb após alianç tucan busc mitig clim cao absolut part nom marcon perill go sen tass jereissat ce desist presid prefeit manau arthur virgíli entant gost acord atitud desembarqu alckmin típic mani recent tucan apel pi tip oportun porém alckmin far pesso esquec part ali govern atual tant mes aliás parc psdb dificil dilm caíd gost alckmin anex ser providenci mesm tecnolog utiliz séri film,1.0
assessor tem acab ser pres políci feder assessor espec presid michel tem flagr receb mal r mil acab ser pres políci feder próx alv pod ser sen afast aéci nev,1.0
joaquim barb pod ser substitut tem após impeachment cas presid michel tem sofr impeachment congress nacion dev eleg indiret presid exerc mandat nom deput sen apont nom integr nacion é ex ministr supr tribun feder stf joaquim barb ant especul part congress agor é real part ex ministr coloc dispos serv brasil,1.0
bolsonar vai militar tod escol brasil ano desesper profes comun procur urgent nov empreg ir vend miçang praç públic dobr short camiset educ físic diminu tamanh us ócul lent arm cor esdrúxul menin nad barb bigod faz costelet padr menin esqueç pente mech caíd ting cabel form extravag é proib tod contat físic denot envolv cunh amor namor beij etc é infr escol alun uniform norm escol dirig políci milit goian segu ríg padr disciplin institu ensin militar depend pré candidat presid jair bolsonar pod vir prax sistem escol nacion mil unidad públic ensin básic cerc sob batut milit comand exércit projet implant paul dezen mão pm estad órg centraliz total algum est possu dad consolid sab goi lid ranking colégi sob guard políci previst bolsonar diz eleit presid multiplic model fech parc red municip estad reconhec ser difícil cobr malh escol pretend ano militar tod escol públic brasil escol milit pass ser exempl poi nel,1.0
alexandr frot é cot minist cult ped demiss terc ministr cult gest michel tem recus mart suplicy assum past govern estud flert ícon milit direit conserv brasil alexandr frot é cot minist demonstr simpat post ges polít cult nacion,1.0
gilm mend receb r milhã fribo faculdad gilm mend é sóci receb patrocíni milion fribo caix econôm feder fat cham atenç imprens funç simpat vot juiz fat relacion fribo govern tem,1.0
malafa cham elei bolsonar gay enrust pastor evangél sil malafa decid mir ódi presidenci jair messias bolsonar víde recent fund igrej vitor crist cham elei bolsonar homossex enrust,1.0
marcel tem viaj jat emprest don fribo relaç don fribo famíl tem é íntim del premi mostr recent report jorn glob troux públic inform marcel tem us jat particul joesley batist receb fl,1.0
mar ros pod tir bolsonar disput eleitor nov conden deput feder jair messias bolsonar process mov deput mar ros pod tir bolsonar ele funç restr lei fich limp,1.0
pt defend aéci nev cass mandat entend porqu pt silenci di derroc mai oposi petist ele estratég é proteg sen pt mir políci feder,1.0
pep neném apo bolsonar vir alv ódi mov gay negr bast declar apoi presidenci jair bolsonar irmã can querid mov gay vir alv ódi ameaç milit lgbt caus negr brasil,1.0
tem articul candidat dór presid pmdb presid michel tem constru vinganç contr tucan vot continu investig contr maldad tir prefeit joã dór psdb lev lo concorr presid pmdb,1.0
tem cri nov impost pra agrad sindicat michel tem not mai part manifest tom rua ped impeachment lev sindicat cal voz sindic lanç med provisór cri nov impost sindic,1.0
tem vai pun sergi reil tirir tra sergi reil tirir list negr presid michel tem ped auxili congress list deput tra confianç vot barr investig corrupç passiv trai entr list negr pod ser persegu final mandat presid michel tem escal ali mape deput tra govern dur vot denúnc câm quart feir peemedeb barr continu açã vot númer express abaix previs estrateg govern cheg prev apoi líd govern câm aguinald rib pp pb vic líd bet mansur prb sp far investig tra inesper exempl can sérgi reil prb sp humor tirir pr sp pmdb vot favor tem seil contr aind abstenç trê falt irrit banc govern fat sérgi reil ter ped receb r milhã emend aind assim diss ped presid entrev cheg ser irôn justific vot vot contr mat sogr ped ser julg ano oit mes deput tirir vez receb nad govern tem press dep part govern pov dep pov cham convers nad oferec quer precis med nad,1.0
vam estupr corrupt afirm pres papud mens vaz famili detent complex penitenci papud distrit feder dão cont ameaç estupr est send envi polít cumpr pen pris preven complex penitenci papud notabiliz notici abrig polít envolv escândal mens lav jat hosped fam destac henriqu pizolatt ex dire marketing banc brasil jos genoín ex deput feder petist carl cacho bich lav dinh marcol líd pcc jos dirc ex deput feder petist recent intern é ex ministr geddel vie lim papud conden têm grand privilégi cel compost cam sanit local banh chuv apen can águ fri banh port detent faz necess send observ coleg cel refe serv trê vez dia iníci manhã volt mei dia iníci noit visit famili costum ser quinzen últ final seman protest pres lig facç crimin comand presídi mand rec polít corrupt pres papud part agor trat estupr cotidi cel estupr receb castig estupr cole coleg cel pass ser respons trabalh domést líd facç síntes lav roup prest serviç sex líd facç crimin além diss zel limp conserv cel fam ex deput cas trafic famili ped intervenç justiç viol humilh cess brev possível segund detent man corrig err justiç trafic ouv report afirm clim intern presidi pe muit revolt segund ladro perif roub carr fic pres déc polít roub guard cas r milhã pass,1.0
homossex desist esquerd começ apoi bolsonar homossex desencant esquerd espec deput feder jean wylly decl apoi pré candidat jair bolsonar viraliz conteúd apoi direit red soc,1.0
segund lewandowsk pov send insufl odi stf motiv tod decis base constitu pov é ignor capac discern decid vam aceit cal compartilh ating mai númer possível pesso,1.0
caix bolsonar list empr apo bolsonar caix,1.0
saiu list empr envolv escândal caix campanh candidat b diss mai car pau sab réu confess seg abaix,1.0
list empr fiz doaç ileg campanh bolsonar organiz crimin prát crim abus pod econôm boicot total list rep hirot supermerc hirot food expres gazin tecnis artefact centaur by tenil almax sport nik stor oper represent brasil havan brinqued estrel up transport habib s ragazz arabian bread ice lip promilat vox lin bio ritm smart fit grup gs amp gouvê souz grup guararap riachuel midway financ transport cas verd confecç guararap shopping midway mall jr diesel dudalin polishop ale combust hemm grup newcomm y amp r grey brasil wunderman vml red fus açã premed tecnolog holding club banc event rio samb pro lynx cros networking the aubergin pand grup marisol miner pakalol ros chá estáci ótic carol gener optic ranking polít multilas alun anapr ciesp campin solepoxy ind resin rai drogasil schneid eletric barill vic vicenzz dolc gabb sergi k purin cinemark localiz chill pepp singl hotel coc bambu movement fitnes equipment biscoit zezé anj colchã curtum modern s ibmec grup bozan cond hipermerc,1.0
pequen part livr haddad pesso faz ide defend fat apo pens pequen trech seman,1.0
tech livr defês soci dou candidat pt presidenc fern haddad dez mand comun decálog lênin corromp juventud dê liberdad sex infiltr control tod veícul comunic mass div popul grup antagôn incit discuss sobr assunt soc fal sempr sobr democrac est direit tão log oportun assum pod nenhum escrúpul colabor esbanj dinh públic coloqu descrédit imag país espec exteri provoqu pânic desassosseg popul mei infl promov grev ileg indústr vital país promov distúrbi contribu autoridad constitu coíb contribu derroc val moral honest crenç promess govern parlament infiltr part democrá dev acus comun obrig pen expô lo ridícul vot soment inter caus social procur catalog tod possu arm fog confisc moment oportun torn imposs qualqu resist caus,1.0
ness livr profes haddad explic técn domin mass marx aplic sistemá decálog lenin,1.0
olh aí livr haddad cit decálog lênin lei é fim pic porc esquerd sonh fim famíl pátr relig ent pov brasil pov religi mund entr ness falác pt,1.0
bomb livr haddad defend sex pal filh lend livr haddad ond defend tes encant implant soci é precis derrub prim tabu incest kit gay é fich hom qu menin com mão defês soci,1.0
implant soci é precis prim acab tabu incest fern haddad quis constat verac dess inform bast ler livr aliás vej fio esperanç brasil pesso começ inform através livr,1.0
urgent presidi lul autor dar entrev dia sáb acab hor eleitor dia ant ele segund turn font confi dign vir text milit decor fal tv vai diz própri part bolsonar arm atent diz bolsonar incit ódi viol bolsonar vai persegu pobr afirm vai volt presid haddad eleit últ cart nojent nazist dess gentalh verm vermelh junt red esgot obje glob é fic repercut coment entrev vár emis inclusiv vai hav interrupç program glob ond vai entr plant urgent viv tud dat estratég dia outubr dia ant ele ond bolsonar pod defend dar entrev poi é proib tse rep avis tod ninguém engan,1.0
pod cidad eleit presid torn doi mandat bilion apen rend benefíci carg respost é sim conceitu revist forb troux ton tem reput lul poss fortun pessoal estim bilhã real imóvel lux fazend gigantesc outr bem tod form fortun imensur explic rápid cresc patrimôni famíl lul milagr multiplic tud parec ser grand sacan tod trabalh ano tod ajud sustent sociedad acostum cham covil band cois é cert brasil cad vez corrupç compens event pun vir brinc compartilh,1.0
míd aind deu public fat mãe irmã adéli bisp oliv trabalh gabinet mar ros fat real interess jornal necess públic pesquis estranh lig aprox jw assassin mar ros parent tão próx adeli alguém vai explic investig,1.0
nãoooomim represent jamal vai ser presid nunc vot mil motiv p vot n pt é vic haddad mostr vei ond vei,1.0
olh aí irm petist é pens daquel deu vid pra salv aind assim vot pt pc b psol dentr outr é pens salv senh,1.0
olh ignor dess imprest dess comun jesu é ser human sim deu pod ser travest,1.0
palavr us manuel d ávil vic fern haddad palavr vot jair messias bolsonar brasil acim tud deu acim tod cristian vai desaparec vai diminu encolh popul jesu nest moment manuel d ávil,1.0
manuel d ávil declar guerr contr sérgi mor banc agor peg arm faz revoluç igual ano atrás lulalivr intern sra ex candidat vic presid temp transcorr usa atrás é desnecess favor ant peg arm peg livr,1.0
defen band resolv agir deput feder pt mar ros envi advog especi represent adelin bisp oliv autor atent contr candidat presid repúbl jair bolsonar entrev mar ros diss hom clar problem psicológ dev respond crimin sim pesso espec problem ment deput aind diss nad grav acontec deput tud exager míd receb arranh barrig tão faz alvoroç tod poup sinc ach ta rind car troux ach real mal cidad pratic ato pod fic pres poi nad grav cl problem ment vou mand advog represent lo far tud liber rápid possível segund inform advog envi é car brasil receb cerc mil real cad audi compartilh,1.0
é ninguém lembr vere mort mariell é ex mulh trafic marc vp engravid ano idad míd fal mort vere mariell rio jan fal nom pai fernand beir mar banc candidat verdad glob fal mund afor mud brasil,1.0
conheç futur prim dam brasil michel bolsonar profes doutorand usp fal língu ofic além língu sinal simpl marid orgulh mulh dess país,1.0
sérgi mor acab ser escolh déc terc mai líd mund americ fortun ranking é compost apen nom dentr pap francisc angel merkel mor compar elliot nes derrub impéri mafi al capon ano tap luv naquel tent aind denegr imag juiz tod apoi grat sérgi mor quer milhã compartilh amig,1.0
atenca juiz sérgi mor afirm bbc elei tir fot urn vot compartilh aplic whatsapp result val é fot compartilh serm nov vítim fraud urn eletrôn,1.0
notíc urgent plant glob urgent direç hospit albert einstein acab confirm mort jair bolsonar deput feder candidat presid repúbl resist complic decorr atent ocorr seman pass vej íntegr pronunc,1.0
acab falec marc pernambuc mai líd époc fez pernambuc brasil emb pouc reconhec vai deu grand marc maciel padr cas pernambuc honr ocup tod mai import carg naçã morr cl méd,1.0
fv evit fal q sarney bom pq morr corrupt nepot infiel incapaz pul part queg pul cam,1.0
mour execut cort verb destin glob outr míd gener ocup post presid repúbl enquant bolsonar suiç decret tard últ quart feir cort total tod verb governament é destin canal tv míd geral decis vei após ataqu mass govern vem sofr acus infund contr sen flávi bolsonar filh presid tent cov tent relac assassinat vere mariell franc sen got d águ segund inform extr ofic bolsonar lig mour orden assinat decret elimin total destin verb públic míd decis algum jorn folh s paul estad globonew glob pod decret fal algum dia red glob drastic afet decret perd cerc orç total cl result demiss artist apresent decret estabelec nenhum míd tv internet dev receb apoi financ mei dinh públic send obrig sustent vend assinat contrat patrocin ton assim independ sempr dev ser,1.0
urgentíssimoooo rep dó pl pec proíb manifest categor qualqu ideolog tbm manifest polít prev pen reclus ano pris vot amanhã pel congress carát urg ditad comun global nov ord mund entr país sancion ª feir vc h pratic liberdad é comun total acordemmmmmmmm,1.0
acab dar record pf prend van urn eletrôn dess preench vot haddad menos vot rep urgent é golp contr bolsonar crim contr segu,1.0
ent cid camp descobr psol freix milíc secret polic pag dinh contribuint acobert presid assemblé míd publ parabém cid camp parabém internet divulg red pq jamal sab di cens impost míd esquerd control inform supost livr,1.0
pt vai simul atent haddad pra ger comoç nacion trê dia ant ele compartilh ment menos prepar verdad vão abort pq tod mund est sab,1.0
ret final campanh quer compartilh dua verd atroc inser program govern pt poupanç fratern morad soc poupanç fratern digit googl agor poupanç fratern vai cair diret sit câm deput lá brasíl propost dess projet é segund acab pobr brasil vis limit dur set ano consum individ cad brasil mê r tod rend famili individ pass r pesso confisc poupanç fratern dur set ano dinh tes devolv ano metad jur poupanç agor pens bem famíl pai mãe filh trê pesso rend mens r mê famíl pod gast sustent r pass diss r é confisc poupanç pt consegu aprov projet porqu eclod mens perd bas compr congress agor pens bem fez vez vai tent faz nov quer tom dinh segund maldad é cham morad soc nom é bonit é ninh serp é cois apen ide vi acontec venezuel propost morad soc é acab cris falt morad func vem assist soc govern ali mov mov tet cas cas levant quant pesso mor naquel cas ent vam diz cas mor pai mãe filh filh cas trê quart vêm determin ent pai mãe precis quart filh precis outr quart naquel morad sobr quart é transform morad soc mov ent determin vai mor naquel quart vej hoj aí assust mov tet invad prédi vazi amanhã corr risc acord tet mor dentr cas alguém sab é cult é val qual princípi tud apoi govern petist,1.0
del palocc vaz centen falcatru lul dilm possu bilhã dól eur banc internac nom laranj vár nacional chines palestin cuban urn projet implant soci amér latin frustr reaç direit sobr lisur máquin segund palocc list eleit sai tod pleit reun tod part funcion comission feder estad municip contrat agir promov esforç ato implant social recurs emprest outr país verdad destin cont internac lul dilm segund palocc fhc sarney benefici conjunt acord firm indústr automo desmobil recurs carr campanh verdad serv másc organiz eleitor cancel aposentad doenç ins propagand fal institut disfarç recurs desvi mant organiz congel aposentad desvi cerc bilhã fund export petróle preç cust país comun subsidi projet for sp plan exist nível gradu pai mãe apel utiliz filh filh prim prim companh companh olh obr divis recurs nível gradu empres agronegóci ong religi míd etc faz part organiz automatic destru qualqu oposi desconstru propagand financi organiz empreend persegu órg fiscal jb é apen dezen empr utiliz lav dinh bnd incluí vári bich dol tod país tant recurs cheg pont projet compr banc serv fach milh envolv receb dinh cham atenç trans mai err acredit subjulg judici ach outr corompi exat firm jov juíz procur desarticul x inform del pagin,1.0
paran pesquis registr tse mit bolsonar venc tod est porqu pov qu renov acr bolsonar alago bolsonar amap bolsonar ama bolsonar bah bolsonar ce bolsonar distrit feder bolsonar espírit sant bolsonar goi bolsonar maranh bolsonar mat gross bolsonar mat gross sul bolsonar min bolsonar par bolsonar paraíb bolsonar paran bolsonar pernambuc bolsonar piauí bolsonar rio jan bolsonar rio grand nort bolsonar rio grand sul bolsonar rondôn bolsonar rora bolsonar sant catarin bolsonar paul bolsonar sergip bolsonar tocantim bolsonar compartilh mostr pov cans ser best porqu pov qu renov vc faz part dest pov confirm repass amig aspir algu honest sent cade presid brasil renov faç arrepend cert,1.0
paut caminhon evit ment imprens seg abaix paut caminhon fret mín nacion b cort total impost pi confim sobr diesel gasolin c reduç pedági caminhon d fim cid parc cumpr govern renegoci div caminhon f estr bom est é paut govern nad fez apen cort cid porém centav vai faz mov par praz govern atend reivindic é segund feir dia caminhon paralis via acess part dia ir radical paralis aind govern part terç cas tod paut nao atend ir bloqu total tod estr feder deix apen veícul políci ambulânc bomb passar paral total port aeroport nov paut ser inclu além paut f vam inclu g renúnc presid h renúnc presid sen câm i ele antecip quebr econom país roub polít acab brinc praz dad relógi corr polít quer desvi recurs aprov lei porqu agor aprov lei benefíci pov cad pov brasil pra apoi caminhon gigant hav acord cad agricul máquin pist us óle diesel cad profes médic políci cad pov brasil pra unir lut brasil é caminh ped socorr sim popul brasil acord pov vam pra rua ser agor est tod ferr faç part ajud menos compartilh mens mostr indign,1.0
nov pesquis mostr bolsonar venc tod est compartilh atenç pesquis abaix feit institu paran pesquis registr tse porém nenhum emis tv jorn quil divulg nov pesquis paran pesquis mostr bolsonar frent tod est lul candidat glob qu divulg pesquis estimul acr bolsonar lul alago bolsonar lul amap bolsonar lul ama bolsonar lul bah bolsonar lul compartilh mostr pov cans ser otári,1.0
pesquis eleitor presid conform institut univers sul califórn est unid maqui é real aqu real dat fôlh red glob fôlh paul institut univers sul californ usc preocup ele brasil realiz dia própr pesquis ouv mil pesso tod reg brasil segund usc previs segund turn ele brasil bolsonar cir gom fern haddad american elector just,1.0
pt faz carreat recif diz é bolsonar distribu capim nordestin dá pra jog suj envi apen contat minut brasil int vai desmascar band pau mand haddad quebr corr incaut precis ser esclarec ant tard demal,1.0
urgent grav mont ptist disfarç bolsonar distribu capim nordestin paul dia vam acab vergonh comun vaz brasil pt nunc,1.0
pilot govern est paran recus cumpriment lul dur embarqu paul após justiç autor saíd comparec funer net ano falec decorr meningit question sobr episódi pilot respond funç é pilot avi seguranç independ carg transport rot determin oper faç seriedad profission cumpriment presidi conden corrupç desprez faz part obrig livr decis decid faz lo vej motiv polêm decis pessoal responsabiliz consequ poss adv nad ninguém direit interfer modific decis,1.0
trabalh patek phillip é val assust defen pobr oprim ateu ric é outr cois cheg agradec deu,1.0
mil real haddad compr relógi r graç trabalh univers enaltec comun russ soci cuban ambos dev ter dad dinh med fal sobr assunt hipócrit vigar dev cham outr nom defend pedofil incest roub outr crim,1.0
bolsonar sob ameaç rep urgent sarney furi reun tem dilm glob fiz ameaç contr bolsonar diz q ganh assumir govern igual fiz presid tancred nev pesso é séri agor vir perd urn fraud agor part ameaç mort report divulg hoj sarney ameaç bolsonar diz venc assumir carg clar batalh apen dia vot batalh é contr mau rep inform ant remov whatsapp facebook tv glob,1.0
pessoal vam vot sobr comérci águ envi pra tod mund permit lei aprov tem doent quer vend aquífer guaran coc col nestlé asc link vot contr projet possibilit cri merc águ,1.0
urgent serviç intelig imped bolsonar viaj paul candidat inform corr risc ser mort políci feder investig advog adéli tent mat bolsonar envolv pcc dua pesso pens adeli morr após atent vide feit noit ont dia outubr bolsonar lembr adéli fili psol esclarec elei acord legisl eleitor part agor assassin terc lug prim turn cir gom disput ele haddad ont pdt cir pt entr ped impugn candidat bolsonar aleg uso fak new haddad cir disput ele sent ameaç bolsonar sed bop políci feder ped apoi sab é imposs ganh urn facç crimin inclusiv pt quer bolsonar qualqu man seman pass josé dirc diss entrev jorn el pal falt pouc tom pod ele quer tir bolsonar cas debat é lev lo mort precis fic cas poss sab mort gener moura assum bich vai peg ele acab bolsonar eleit agor é guerr vid risc vam denunci capitã morr brasil vai explod tod atent cub venezuel pt pcc muit band quer bolsonar presid escud é deu pov deu gu vid bolsonar famil brasil vam lut vid lei compartilh alert tod contat tod red soc,1.0
tod pt olh age pt vam viril palavr ódi contr nordestin perfil apoi bolsonar venc cust cust coloc nord contr rest pal somostodospt venc morr lut democrac fábi tod pt guerr começ vam lut tam junt,1.0
atenç tse qu acab campanh bolsonar ter possível vitór anul vou explic golp tse hor pra outr liber uso camis candidat send maior é bolsonar porém exist ressalv diz pod hav aglomer pesso camis candidat caracter boc urn aí sab vai acontec trê quatr camis bolsonar fil vai sair presid seç pod ser esquerd cham políci acus faz boc urn vot troux anul hor imped vot acord vão camis bolsonar camis brasil vão anonimat estrag ele perd prim turn ignor é quer queim bolsonar faz perd milh vot rep compartilh,1.0
tse inform milhã vot anul urn diferenç vot lev vitór bolsonar prim turn menos milhã tse obrig esclarec motiv lev anul milhã vot represent total anul pod acontec vot papel porqu permit rasur ambigu envi apen contat minut brasil int vai desmascar band quebr corr incaut precis ser esclarec ant tard demal,1.0
gent tá tend mai quebr pau câm tem ped rodrig mai acab decret est síti deput saind porr tv tá pass assist víde exércit convoc,1.0
presid tem send expuls manifest retir youtub rep dó dire pessoal glob aflit circul dess víde faç circul,1.0
é arrepi brasil ont á noit porq glob nao mostr retir youtub rep dó dire pessoal glob aflit circul dess víde faç circul,1.0
tem aprov lei acab fgt tod trabalh poli democrac abril di inform surg sobr michel tem ter sancion terceir jornal font segur ter afirm fat contat secret imprens presid inform presid michel tem autentic projet aprov câm deput trat terceir enfim aprov permit contrat serviç terceir qualqu tip ativ empr,1.0
cart abert sen renan calh vid gad pov marc pov feliz vac renan dão cri h dia capim gent best muric alago qual admir conhec alm human sab manipul pesso amb pec fraqu menin ingênu busc muric ser deput estad acredit pur necessár polít opos dentr ditad milit renan calh constru trajetór caus invej tod hom bem acovard aprend nunc ous band é hom ous compreend determin moment vitór pertenc hom bem desarm dest fúr desatin é venc qualqu preç resolv arm renan sonh ser big shot qualqu preç vend alm faust goeth ped fam riqu troc ent deput gerald bulh coleg banc fern coll aproxim ali começ ser par nov renan dig é analfabet rar pol intui nunc leu nenhum autor econom sociolog direit brasil int maior ped cass dificil conden brasíl quas tod cúmplic olh rost pesso rua lei direit pens sint desprez alago bem sent comport desonest mentir hoj pergunt pov fech congress caus gent favor divulg pro brasil int pra ver congress cri vergonh car alago agradec ther coll,1.0
tracking btg acab sair merc financ bolsonar haddad ps vot vál espalh máx poi institut pesquis compr vão começ divulg fals pesquis ond haddad apen dia aprox bolsonar quer manipul pesquis fraud result quer barr apur mostr result adivinh quer eleg compartilh dó,1.0
urgenteee tribun hay acab reconhec lul pres polít exig libert imediat ladr vai explod tribun hai acab reconhec ex presid luiz inaci lul silv prision polít acord relatóri receb entidad brasil direit human internac onu ex presid é det prov é julg tribun faz part integr bom advers réu tribun internac justiç hai holand notific decis brasil exig libert imediat ex presid luiz inaci lul silv serv contr açõ internac www lemond mund ver holand,1.0
urgent hag court ha just recognized form president luiz ináci lul silv politic prison the hag tribun ha just recognized form president luiz inaci lul silv politic prison according to report received from brazilian entiti and internat human right the form president is held without evidenc and is tried by court which is an integr part of the defendant s good opponent the internat court of just of the hag holland will notify it decision in brazil demanding the immediat releas of form president luiz inaci lul silv whil serving internat actiom www lemond mund ver holand,1.0
urgent tribun hay acab reconhec ex presid luiz ináci lul silv pres polít le tribun la hay vient reconnaîtr l ancien président luiz inaci lul silv en tant prisonni politiqu selon de rapport reçu d entité brésilienn et de droit l homm internationaux l onu l ancien président est détenu sam preuv et est jugé par un tribun qui fait parti intégr du bon adversa l accusé la cour international just la hay holland notifi sa décision au brésil exigeant la libération immédiat l ancien président luiz inaci lul silv tout en servant au contra le actiom internat font www lemond mund ver holand sobr cort internac hai tribun internac justiç cort internac justiç é princip órg judici organiz naçã unid onu sed hai país baix princip funç é resolv conflit juríd submet est emit parec sobr quest juríd apresent ordin assemble geral naçã unid conselh seguranç naçã unid,1.0
camar receb muit mens companh preocup possível vitór bolsonar aleg manipul urn fals acus naz sufici det lo ent virtud diss vam explic func quest urn program candidat ano manipul númer faz vot candidat ir outr faz é deix part códig err proposit urn local ond bolsonar vot ter problem ent ter ser substitu anul tod vot daquel seç é menos fiz exaus campanh coloc princip ond bolsonar é fort divers mes compromet ursal permit use camis candidat vem alguém camis bolsonar roup verd amarel alguém pareç vot bolsonar faz biometr dar problem mand assin list vot saib contabiliz vot após hor cont agent ursal divers local brasil tent dar fim bu vot signific candidat direit inform boletim urn envi empr venezuel lig madur sebin organiz vot env tse é serviç terceir dem divulg ele presid é temp envi venezuel vot temp mand volt tse é part cruc process ness cont vam paus envi dad elimin vot bolsonar haddad consig venc terceir imped qualqu suspeit fraud poi manipul dá serv tse dad envi lá adulter ent fiqu tranquil camar mão madur,1.0
muit cas pesso denunci urn pesso tent vot aparec vot outr apert númer aparec haddad denunci,1.0
olh açã mal contr bem pesso digit soment númer aparec númer tel urn sang jesu pod divulg máx falcatru,1.0
bom dia repass grup urn eletrôn tre apreend carr particul destin autaz ama,1.0
políci apreend urn tre iri ama,1.0
políci apreend carr particul transport urn ama urnasfraud,1.0
atenç políci ama apreend urn eletrôn veícul particul é grav,1.0
compartilh genteeee urgent urn program trabalh hor ver est costum vir mud hor ver signif urn irã comput vot após hor gent ajud pens propag tod cuid é pouc capaz tud ñ vam perd milhã vot prim turn,1.0
urgent mpf apur possível depósit jean wylly advog adéli bisp minist públic feder irá abr investig apur possível depósit transfer bancár deput jean wylly advog zanon manuel oliv trabalh defês adéli bisp oliv crimin esfaqu tent mat presid jair bolsonar aind époc campanh obje é sab jean wylly pag defês adéli bisp envolv doi decis abert investig vei após vár denúnc question jornal deput própri presid sobr atent sobr possível envolv jean wylly cas agor ex deput decid renunci carg fug brasil exat dia oab ped justiç obrig advog adéli divulg pag honor jean relat saind brasil cont supost ameaç porém apresent prov dess ameaç denunci órg respons,1.0
renúnc mandat deput feder nad ver fals ameaç mort jean wylly anunci entrev verdad é investig pf encontr prov robust comprov incrimin particip desvi verb públic destin mov soc qual envolv justific saíd brasil intuit escap justiç cri desculp esfarrap másc caiu,1.0
atenç exist rum renúnc mandat deput feder jean wylly nad ver fals ameaç mort deput anunci entrev verdad é investig pf encontr prov robust desvi ultrapass milhã projet soc outr irregular ond deput envolv ativ alg pod incrimin lo desvi verb públic destin mov soc receb irregul qual envolv mst cut une mov esquem é escândal desd justific saíd brasil intuit escap justiç send sujeit fals medíocr cri desculp esfarrap outr corrupt pod faz próx dia vam fic olh másc caind corrupt sérgi mor bolsonar nel,1.0
jean wylly qu fug brasil porqu políci feder descobr dia setembr adéli bisp diniz band esfaqu jair bolsonar registr presenç gabinet deput psol brasíl local ond sempr encontr jean wylly agor suspeit ser mand tent assassinat nov presid invent estóri send ameaç mort precis escap brasil ant dia jan exp imun parlament franç tud indic vai ped asil poli envolv diret band adéli poi investig políci feder inform últ dia jean wylly par lug algum obje faz cortin fumaç pra pf,1.0
bomb bomb jean willy quer fug país simples pq pf intelig exércit descobr deput é mand tent homicídi bolsonar dia hor adéli brasíl ind gabinet jean willy álib perfeit investig cheg pont congru bich vai peg saíd solicit asil desped lul dia etc comun ach iri perd mandat deput feder graç,1.0
misericórd pod deix ocorr bolsonar presid prim turn vers alguém conhec infern pert é possível faz simul bast fidedign vers ent haddad ganh é camar vai ser cérebr trá educ diss vam viv nov polít drog liber sex,1.0
g polít jean wylly confirm convit haddad ser ministr educ event govern petist deput psol confirm convit dev comp past especul nom gleis hoffmann dilm rousseff cir gom lul comp minist,1.0
far passei curitib jean willil tá câm feder tse valid vot prefeit maric rj wellington quáqu,1.0
agor é defini deput cusp jean willil fic câm deput após justiç eleitor rio jan valid vot obt deput quaqu cuj apur sub judic legitim vot cit deput ret mand jean willil psol coefici eleitor favorec quaqu cidad maric rj tchau quer,1.0
notíc melhor deix ris quà quà quà quà quà quà jean willil tá câm feder tse valid vot prefeit maric rj wellington quáqu,1.0
rom zem nov mg candidat milion govern min acus estupr men ano pesad encobert políci min dev ser reabert natur hoj diz bolsonar defen famíl maior grand hipócrit canalh conhec bem aí enquant crianç morr é nov ana líd aracel cert temp sombri esp irã multiplic lembr cad contribu,1.0
víde é esclarec fal pen assist sobr rom zem candidat govern min acus estupr contr crianç ano,1.0
atenç empr promet fech demit milhã esquerd venc list mort havan demiss botic demiss coc col demiss embra demiss merced benz demiss banc nord demiss ford demiss volv demiss ipirang demiss ambev demiss samsung demiss toyot demiss walmart brasil demiss americ demiss magazin luiz demiss hond demiss mcdonald s demiss copel demiss natur demiss armazém mat demiss ultragaz demiss suzan demiss dia brasil dua opç cresc est unid cair venezuel deu misericórd dess naçã rep tod,1.0
avis aqu gal ont pass trein trabalh justiç eleitor próx dia lembr vot tod candidat vot presid vot branc outr vot é tid vot parc log vot é anul comput vál é complet question lá diz sociedad ciênc vot parc é comput vál question indign instru bem cl diz comput log vam fic espert alguém aqu vá trabalh toc ness assunt manif,1.0
